"time_sec","clean_signal","raw_signal"
0,0.157271250298805,0.386804310721589
0.01,0.194460859344233,0.272162550697981
0.02,0.236605331974592,0.391530831841823
0.03,0.283596796651195,0.463074662608988
0.04,0.335173374237748,0.49931270877743
0.05,0.390901899979389,0.517133635559866
0.06,0.450160184749762,0.708701727980812
0.07,0.512122766974877,0.645041618550006
0.08,0.575756338532029,0.880566757426393
0.09,0.639831644258182,0.780968597586834
0.1,0.702956992370909,0.956290279404775
0.11,0.763634665583344,1.09827118609082
0.12,0.820336401433722,0.863664622199298
0.13,0.871589198343243,1.00642585293742
0.14,0.916059573055151,1.0652062760824
0.15,0.952624154794388,1.16595471482143
0.16,0.980417381398012,1.12274275351622
0.17,0.998852291189498,0.953981001500901
0.18,1.00761643918482,0.982571734658293
0.19,1.00665000338734,1.28496670744615
0.2,0.996115729169528,1.14677426500488
0.21,0.976369864578607,1.01150332626399
0.22,0.947940070308758,1.11423938953133
0.23,0.911511701360385,1.19111855313633
0.24,0.867919493187441,1.20431315618413
0.25,0.818138980122769,0.970789639913397
0.26,0.763271674583235,0.932052571096465
0.27,0.704519987704267,0.755067462883108
0.28,0.643151152014913,0.873760927665021
0.29,0.58045272803757,0.725219560263582
0.3,0.517684500649158,0.752213924056516
0.31,0.456032117639912,0.712601659208007
0.32,0.396566825803099,0.681608553811301
0.33,0.340213820224942,0.49574540685389
0.34,0.287729941234913,0.534345272435575
0.35,0.239690411560284,0.310482460481955
0.36,0.196484176905479,0.3437742491286
0.37,0.158317829759127,0.302145930598858
0.38,0.125228381826125,0.145805905286787
0.39,0.0971046996591857,0.315481235855621
0.4,0.0737160504527288,0.307414084714971
0.41,0.0547443200989822,0.244767796648504
0.42,0.0398149141316149,0.321024120298084
0.43,0.02852106511999,0.192546770927286
0.44,0.0204378013498579,0.134700905366613
0.45,0.0151250188952411,0.274996796326465
0.46,0.012123010016682,0.173935600691575
0.47,0.0109470174161571,0.354633551803627
0.48,0.0110885355661472,0.206122066684804
0.49,0.0120294189078653,0.295377410241274
0.5,0.0132706358610354,0.271223633165724
0.51,0.0143719922962322,0.185122301702751
0.52,0.0149942213012939,0.375723688856695
0.53,0.014932332010648,0.30220454451
0.54,0.0141301222009358,0.258275181451477
0.55,0.0126701910293422,0.272837120472596
0.56,0.0107403340465586,0.304159487682369
0.57,0.00858377863065285,0.255833955741873
0.58,0.00644519165095912,0.00800315947549848
0.59,0.00452533685107766,0.269216726441289
0.6,0.00295445550573222,0.216325795643817
0.61,0.00178892467789963,0.260160456803732
0.62,0.00102939610611971,0.291884820314268
0.63,0.000653464855144085,0.35765169530819
0.64,0.000653412446121588,0.188152273761635
0.65,0.00107012001093973,0.35157175533495
0.66,0.00201716550341263,0.275752177713827
0.67,0.00369299367269593,0.334162412542904
0.68,0.00638235816299684,0.327904073723595
0.69,0.0104499521891056,0.316410774553816
0.7,0.0163290705910446,0.181549822579497
0.71,0.0245068786287533,0.266294418463006
0.72,0.0355064183286855,0.334674928220528
0.73,0.0498647736449438,0.223106936222934
0.74,0.0681072175740299,0.274394240695662
0.75,0.0907183729731342,0.387053004813369
0.76,0.118112645917147,0.429515700305411
0.77,0.150606602996919,0.437702850444184
0.78,0.188395150570646,0.367526205005658
0.79,0.23153160974984,0.393492847132124
0.8,0.279909952581031,0.650773016316789
0.81,0.33324667351784,0.603581946353398
0.82,0.391060782262384,0.647644902209184
0.83,0.45265320250152,0.692250050604176
0.84,0.517090519243079,0.670524819859033
0.85,0.583200983869663,0.880805815716987
0.86,0.649591390870704,0.880482241753639
0.87,0.71469098311654,0.947902007643159
0.88,0.7768231685162,1.09884460452995
0.89,0.834298972930687,1.14686945769908
0.9,0.885519991216867,1.24314568125479
0.91,0.929075277783758,1.13661843511616
0.92,0.963817439509042,1.26081615226855
0.93,0.988908077886102,1.34445469183513
0.94,1.00383019199657,1.15846513767111
0.95,1.00837282249224,1.18220122438293
0.96,1.00259866847167,1.1538987639245
0.97,0.986807047928886,1.11101029015173
0.98,0.961502178932217,1.2078962805594
0.99,0.927371516934486,1.21863264011979
1,0.885272883723272,1.21931850119024
1.01,0.836224546965714,1.15669116354954
1.02,0.781390723798713,0.936893441352118
1.03,0.722056457815319,1.10452225180048
1.04,0.659589538597368,0.839617917128366
1.05,0.595391459844103,0.835941234815458
1.06,0.530842699567864,0.72786496815292
1.07,0.467248843104317,0.686913537586098
1.08,0.40579320316141,0.648907481161017
1.09,0.347499411781543,0.583653674890592
1.1,0.293205139343548,0.516338371858665
1.11,0.243546605902305,0.475809292653399
1.12,0.198953225927847,0.382168780473241
1.13,0.159652179100287,0.339756259236084
1.14,0.125683089722049,0.211585570798607
1.15,0.0969225405618523,0.283433401930747
1.16,0.0731165848178541,0.247467794382322
1.17,0.0539172297779351,0.483656260685573
1.18,0.0389170925450229,0.141719254870001
1.19,0.0276762002185148,0.248571404761281
1.2,0.0197368528723208,0.108264691855419
1.21,0.0146263090492479,0.103072684923724
1.22,0.0118515816340279,0.225933022083676
1.23,0.0108941149360311,0.133253249163626
1.24,0.011212986579894,0.211103844026358
1.25,0.0122628332033948,0.175946969346969
1.26,0.013527478824821,0.160248955216837
1.27,0.0145639423898411,0.0462378630141322
1.28,0.0150463841036544,0.108510638846956
1.29,0.0147976146212407,0.218362383496265
1.3,0.0137979771344991,0.246134289510813
1.31,0.0121671991472425,0.157351170377311
1.32,0.0101223626119933,0.192393772854722
1.33,0.0079219582565492,0.277636903155031
1.34,0.00580981590189732,0.29846507183659
1.35,0.00397233810280595,0.0912191471712017
1.36,0.00251817516089795,0.165664194198664
1.37,0.00148284878687497,0.267617011994311
1.38,0.000854130156395774,0.130740277065603
1.39,0.000609309991800087,0.161294488908828
1.4,0.00075406175890529,0.156134935413028
1.41,0.00135434006603962,0.0899651907168423
1.42,0.00255652529052599,0.1239321915728
1.43,0.00459513931719559,0.156485161350367
1.44,0.00779041251053329,0.126192270538733
1.45,0.0125390181342682,0.250358069893883
1.46,0.0193005854216096,0.126777710232271
1.47,0.0285810506904035,0.137064574195022
1.48,0.040912609087769,0.236951805741248
1.49,0.0568297489546536,0.109736805249673
1.5,0.0768416697848333,0.208102403421179
1.51,0.101402725172122,0.1088701309074
1.52,0.130883499995272,0.352897291912292
1.53,0.165545015540165,0.269318244253687
1.54,0.205517237127506,0.290755141718911
1.55,0.250781121316718,0.271363673375308
1.56,0.301151931094572,0.417128053985213
1.57,0.356261477249297,0.405768057404842
1.58,0.415538754468225,0.48329889896351
1.59,0.478191695836544,0.688534520917146
1.6,0.543196227138949,0.633351729912888
1.61,0.609300865245014,0.624604704575225
1.62,0.675054480216775,0.785987011351505
1.63,0.738861136828573,0.804528893182584
1.64,0.799059929260237,0.937740599721248
1.65,0.854021189446363,1.05686980807144
1.66,0.90224553871054,0.907843416935493
1.67,0.942450716935209,1.06057819086279
1.68,0.973633643722137,1.05890748832688
1.69,0.995101059753316,1.14193986028242
1.7,1.0064695342825,1.05997802373197
1.71,1.00764227178591,1.14314598810173
1.72,0.998773995129413,0.924414064693254
1.73,0.980235232905483,1.17729436627614
1.74,0.952583933385574,1.08031464467746
1.75,0.916546948752744,0.959668208994053
1.76,0.873008611843222,0.808895703107491
1.77,0.823000181992841,0.922862962975467
1.78,0.767683339763083,0.851366105022625
1.79,0.708323017296086,0.749438391041484
1.8,0.646248566520775,0.696577476345595
1.81,0.58280605716946,0.570871091127932
1.82,0.51930701642216,0.580179971680609
1.83,0.45697950689794,0.508488942143355
1.84,0.396926269013879,0.399085940624925
1.85,0.340092554318257,0.254252695459104
1.86,0.28724427762208,0.360917884873629
1.87,0.238955967008402,0.297456661316706
1.88,0.195607855322635,0.139416848639772
1.89,0.157391906199887,0.0370848831363295
1.9,0.124326863169046,0.144528701476636
1.91,0.096281927256666,0.0690244357831777
1.92,0.0730072604281885,0.0901100715766777
1.93,0.0541676393203798,-0.0559137614289736
1.94,0.0393741379213203,-0.0473745258640702
1.95,0.0282086153985377,0.101603664330066
1.96,0.0202375057964409,0.0356232208446856
1.97,0.0150146883574626,0.0415713082352241
1.98,0.0120770601995961,0.133490737792772
1.99,0.0109394284382378,-0.00599712200803022
2,0.0110962114925567,-0.179652853648147
2.01,0.0120355849902804,0.00463643437162738
2.02,0.0132675024186563,0.0694521017285136
2.03,0.014361762267525,0.138190575616848
2.04,0.0149877780173485,-0.13950056960833
2.05,0.0149455904627351,-0.124858896241959
2.06,0.0141788431213889,-0.0934104105573141
2.07,0.0127647088734059,-0.126061028131097
2.08,0.0108818301175408,-0.0986462608179305
2.09,0.00876330174112672,-0.0672917903061303
2.1,0.00664570083709867,-0.154021481018342
2.11,0.0047259413429237,0.0997820711822286
2.12,0.00313517203737807,-0.059463743477535
2.13,0.00193399035810885,-0.0793211960201138
2.14,0.0011275675559403,-0.0370408027135857
2.15,0.000694631731584083,-0.0774066293684417
2.16,0.000621893450407523,-0.094300664962937
2.17,0.000935799851843369,0.0314783568308514
2.18,0.00172592315599193,-0.106465113970454
2.19,0.00315766174475723,-0.193569963464176
2.2,0.00547496372976289,-0.0609039141263197
2.21,0.00899554453941496,-0.119532076224211
2.22,0.0141012911734961,-0.131204084027838
2.23,0.0212256191018952,-0.170921873746997
2.24,0.0308382657496674,-0.0447043809822168
2.25,0.0434271594457363,-0.0834001584631907
2.26,0.0594770289380171,-0.0152477788818253
2.27,0.0794452264594695,-0.0583324285441441
2.28,0.103736300126261,-0.0709998704059963
2.29,0.132677494389209,0.107636384126739
2.3,0.166497111734156,0.0167157293482889
2.31,0.205306528470624,0.150146621352725
2.32,0.249085117126942,0.0190317040651584
2.33,0.297666181961962,0.123544913465587
2.34,0.350721995723709,0.18946288602033
2.35,0.407747442828806,0.233906889711927
2.36,0.468044302275872,0.430552460323385
2.37,0.530710939234162,0.380704057498482
2.38,0.594643943214293,0.463227317163831
2.39,0.658558062373564,0.429473486389386
2.4,0.721028254022806,0.506285254187648
2.41,0.780553244170561,0.701312245593423
2.42,0.835634852296151,0.774576377712358
2.43,0.884863054715229,0.820415549072895
2.44,0.926994737729521,0.649598984051038
2.45,0.961015080315755,0.955510855679017
2.46,0.986174314720394,0.895499157560433
2.47,1.00199815129323,0.825344736445426
2.48,1.00827578583158,0.88759070145744
2.49,1.00503349796076,0.747925098797714
2.5,0.992503301186259,0.723023624821783
2.51,0.971094706009643,0.790876703366172
2.52,0.941374108713884,0.659032724271531
2.53,0.904051954661475,0.730507709135251
2.54,0.859974128634677,0.772796849823797
2.55,0.81011211895066,0.534196978619181
2.56,0.755546801854876,0.501091723516939
2.57,0.697442829629933,0.503650882988545
2.58,0.637013634887313,0.355989379785743
2.59,0.575479856676086,0.343139211887639
2.6,0.514025662498494,0.380145340058242
2.61,0.453757625375634,0.325636565355183
2.62,0.395669749241785,0.218748216223951
2.63,0.340616569741094,-0.017042082363538
2.64,0.289294740003208,0.0735759053816308
2.65,0.242232663722023,0.114190921130795
2.66,0.199787657174376,0.0498358975321971
2.67,0.162150484524852,-0.0698648769413882
2.68,0.129357370631887,-0.305088323521478
2.69,0.101309277549455,-0.113924226707543
2.7,0.0777971903511392,-0.0980309779767695
2.71,0.0585306876581284,-0.161108432674856
2.72,0.0431658055193015,-0.169077033422121
2.73,0.0313278469095271,-0.160472240914799
2.74,0.0226257961608707,-0.236869731331338
2.75,0.016657318317193,-0.107718682306304
2.76,0.0130063468814657,-0.179895360989417
2.77,0.0112379899857821,-0.320023684147444
2.78,0.0108968756338417,-0.111695713182318
2.79,0.0115144328667705,-0.126473507780947
2.8,0.0126279455960369,-0.156972046380504
2.81,0.013810224904489,-0.355862287280075
2.82,0.0147046616088197,-0.268593037197691
2.83,0.015057611610551,-0.172900077536368
2.84,0.0147395590384035,-0.221561450215091
2.85,0.0137486117887096,-0.1991633301576
2.86,0.0121940802454957,-0.032699517200382
2.87,0.0102629516395685,-0.297730535997551
2.88,0.00817648281185952,-0.404218228909855
2.89,0.00614657778925434,-0.216065648452003
2.9,0.00434140664586454,-0.29549669190112
2.91,0.00286700908321762,-0.206955780792187
2.92,0.00176732088827028,-0.309358344533138
2.93,0.00104050636485418,-0.0687117265243178
2.94,0.000665990683560848,-0.256481801385571
2.95,0.000635028225381327,-0.285290526700467
2.96,0.000978188208998228,-0.260501509598679
2.97,0.00178527739132567,-0.177781074313274
2.98,0.00321600659174581,-0.237913325729918
2.99,0.00550213997296795,-0.373761357933774
3,0.00894324207674868,-0.240890547779121
3.01,0.0138982704994704,-0.174948788442868
3.02,0.0207744753727708,-0.225927283489196
3.03,0.0300139935154409,-0.161108132654844
3.04,0.0420778030976514,-0.219627015821488
3.05,0.0574266983339181,-0.197202642873189
3.06,0.0764996051973171,-0.134872769698049
3.07,0.0996904801868052,-0.0707517780110172
3.08,0.127325659963514,-0.222131801209177
3.09,0.159643437904716,-0.0926017380451757
3.1,0.196776765567258,-0.0582390502946407
3.11,0.238738661139791,-0.0710388581247899
3.12,0.285408791122741,-0.0460812610672959
3.13,0.336519430928528,0.0376896625695206
3.14,0.39163997068459,0.190630924425951
3.15,0.45016117948908,0.169366628442495
3.16,0.511282920881691,0.201515371168844
3.17,0.574010949440302,0.340667134067991
3.18,0.637168868961763,0.292421096778066
3.19,0.69942976041705,0.53794248434922
3.2,0.759368521418504,0.476144007957044
3.21,0.815531420198091,0.586951851958307
3.22,0.866515044904696,0.627679251500618
3.23,0.911044066708504,0.668948501136085
3.24,0.948036973233376,0.851597466561703
3.25,0.976651366023953,0.670367386171816
3.26,0.996304914304785,0.848663040630792
3.27,1.00667333219602,0.770943630512999
3.28,1.00767127806472,0.703668734202416
3.29,0.999424602165595,0.757852227792875
3.3,0.982242294312664,0.807072650538451
3.31,0.956594046269006,0.688845957602534
3.32,0.923095508295271,0.628871783287302
3.33,0.882499423022089,0.663557265259612
3.34,0.835688109335252,0.684950599484161
3.35,0.783661993121462,0.549342011005423
3.36,0.727520079744512,0.38954023147568
3.37,0.668430813808851,0.33834798567676
3.38,0.607594670827552,0.3220863534056
3.39,0.546202076285715,0.281551606456824
3.4,0.485391214807527,0.262792611579277
3.41,0.426209888138142,0.260604882508444
3.42,0.369584227194241,0.117251491176143
3.43,0.316295458784775,0.011344751941836
3.44,0.266964725428511,0.101457170745343
3.45,0.22204549285062,0.03181121002359
3.46,0.181823258069631,0.0639859363637336
3.47,0.146422649867211,-0.196714946635786
3.48,0.115822049448838,-0.0838057455777455
3.49,0.0898751977470378,-0.00650388914542661
3.5,0.068337938630978,-0.0763718093798746
3.51,0.050896738957805,-0.216308033197545
3.52,0.037194640738505,-0.102722191195336
3.53,0.0268504906516789,-0.239303403061952
3.54,0.0194689310466158,-0.211045720614302
3.55,0.0146414289484854,-0.0824046717055464
3.56,0.0119417342875329,-0.201088030529554
3.57,0.0109214908641654,-0.110345985315712
3.58,0.0111122989102872,-0.197434277602123
3.59,0.0120388975483467,-0.296980250807531
3.6,0.0132446052578585,-0.235197653539522
3.61,0.0143257501988079,-0.25088519320837
3.62,0.0149679709758947,-0.199462944952365
3.63,0.0149753288861175,-0.185141984779668
3.64,0.0142839433117475,-0.168688755463019
3.65,0.0129552747774381,-0.174667604754475
3.66,0.0111492878854298,-0.0030645524126259
3.67,0.00908299755260901,-0.26478213574067
3.68,0.00698372644251258,-0.186551604606846
3.69,0.00504762721948909,-0.124708719848947
3.7,0.00341233537129288,-0.0212985061448555
3.71,0.00214862614557446,-0.143029584838259
3.72,0.00127095431410012,-0.0491015988228002
3.73,0.000762290329780814,-0.277522843288115
3.74,0.000605972878491351,-0.0275942425084841
3.75,0.000816935073012407,-0.195497165735062
3.76,0.00146637760769684,-0.158850991499901
3.77,0.00269686178994201,-0.221366709699685
3.78,0.00472772508364701,-0.116954134692739
3.79,0.0078527153539224,0.0212323963652169
3.8,0.0124323508914313,0.0797266719942544
3.81,0.0188829145588373,-0.190749282507727
3.82,0.0276628187038502,-0.0539313201841952
3.83,0.0392561020893544,0.0329078890399784
3.84,0.0541525849060098,-0.0758679994199153
3.85,0.0728247999738808,-0.0559134569930435
3.86,0.0957028576042165,-0.0368586227530518
3.87,0.123149250808895,0.0659223239795937
3.88,0.155435702773426,0.165322282959105
3.89,0.192723311320429,0.148990363391444
3.9,0.235045774425609,0.1651023975743
3.91,0.282294106533871,0.165788463895441
3.92,0.334200788083619,0.284932650471797
3.93,0.390322244959531,0.260460306633973
3.94,0.450020854164303,0.345034809479029
3.95,0.512450585335414,0.520795388174837
3.96,0.576552745087127,0.535821937939442
3.97,0.641068916242071,0.587557323030412
3.98,0.70457637968418,0.614647736710901
3.99,0.765547199635704,0.773875943121617
4,0.82242674739809,0.866404647696013
4.01,0.873722332140633,0.744716268838607
4.02,0.918089461205872,0.866426241723842
4.03,0.954403198905999,0.905599242025791
4.04,0.981805304660793,0.886190477497043
4.05,0.999723420250577,0.87387032865071
4.06,1.00786486897746,0.965117397776871
4.07,1.00619273078807,1.01949011361233
4.08,0.994894293541489,1.07731486831742
4.09,0.974351194725662,0.789315750790112
4.1,0.945117082941565,0.860048463129466
4.11,0.907903824458394,0.857551220920962
4.12,0.863572875255291,0.708522263093831
4.13,0.813125872671563,0.734529487230844
4.14,0.757688449968751,0.680394483851376
4.15,0.69848347842031,0.629022848070972
4.16,0.636793370714576,0.453484546404884
4.17,0.573914399233619,0.586240392048668
4.18,0.511108071125988,0.459262217302784
4.19,0.449554949910917,0.573357945649015
4.2,0.390315143352479,0.459610625267943
4.21,0.334297756109757,0.227088628954614
4.22,0.282239848104209,0.302637218287113
4.23,0.234694487121388,0.203168650008357
4.24,0.192027441884825,0.282512829580413
4.25,0.154422503532786,0.181534372375783
4.26,0.12189565382813,0.103638971653164
4.27,0.0943177455524123,0.159128662426538
4.28,0.0714439126969266,0.116819983121869
4.29,0.0529460525512465,0.0763659901166875
4.3,0.0384432978163888,0.240038826794325
4.31,0.0275253238319851,0.0285860236233161
4.32,0.0197650838999699,0.0289126934375252
4.33,0.0147208709932036,-0.0587534630844288
4.34,0.0119314631944221,0.0622704056841965
4.35,0.0109111015838284,0.139090909013583
4.36,0.0111518757999597,-0.0942485084713354
4.37,0.0121391314727507,0.0557923827754814
4.38,0.0133811458112549,-0.0141567736880996
4.39,0.0144488812721184,0.200120830097837
4.4,0.015016990304023,0.197275018391446
4.41,0.014895138712095,0.118577100851858
4.42,0.0140400836095541,0.208589516141491
4.43,0.0125435489032792,0.0266258342099943
4.44,0.0105974107493401,0.173366641016633
4.45,0.00844398095232684,0.0515929621722392
4.46,0.00632323912425205,0.125165365525383
4.47,0.00442944253888334,0.0768411071237002
4.48,0.00288654553659478,0.0801458537247968
4.49,0.00174637996771676,0.148138736536464
4.5,0.00100743300649109,0.00254564992168925
4.51,0.000647231452745516,0.0895385249003322
4.52,0.000659124622523068,0.126403886505276
4.53,0.00108495893277045,0.0839500415712656
4.54,0.0020380394012238,0.128609583997811
4.55,0.00371450794641465,0.0994365581908303
4.56,0.00639440186576281,0.26010498957376
4.57,0.0104352434013962,0.194800224577616
4.58,0.0162608994201316,0.38372253215015
4.59,0.0243472235518708,0.0938710522289353
4.6,0.035204615010355,0.236396121636158
4.61,0.0493569518487981,0.356127852590767
4.62,0.0673167291561322,0.233183226576608
4.63,0.0895573680593826,0.147532014992022
4.64,0.116484824419664,0.183404614796141
4.65,0.148411038314658,0.295780226906993
4.66,0.18553103338493,0.443211399764896
4.67,0.227903836193341,0.443605131744265
4.68,0.27543564545884,0.262724530862688
4.69,0.327862857260482,0.432851717231709
4.7,0.384733377476862,0.547654119245116
4.71,0.445387158925391,0.494978542739943
4.72,0.508940288026334,0.733309761256164
4.73,0.574279819477559,0.548712867294299
4.74,0.640077460401939,0.825380573338133
4.75,0.704828240174624,0.849837232408565
4.76,0.766915581647695,0.906362359140307
4.77,0.824697914675642,0.983145013118702
4.78,0.876606077114457,1.08529293576658
4.79,0.921237225599693,1.13877594331743
4.8,0.957431144082484,1.12750924839175
4.81,0.984318812226856,1.02070704291973
4.82,1.00133971456187,1.07880712254695
4.83,1.008231574129,1.08544938913048
4.84,1.00500174589445,1.262888724538
4.85,0.991891781488179,1.1714503223864
4.86,0.969345219562391,1.19203889161054
4.87,0.937984289583965,1.01642300695528
4.88,0.898595694118406,1.06089613128768
4.89,0.852120959602721,1.1042199557776
4.9,0.799644540296194,0.994397077702817
4.91,0.742373456209878,0.944057055841698
4.92,0.681605181823602,0.888570297695959
4.93,0.618684440619736,0.930082167068457
4.94,0.554952972093453,0.722040080361155
4.95,0.491698106322582,0.763779676814231
4.96,0.430105781420032,0.721656145012517
4.97,0.371221957653251,0.497367890401338
4.98,0.315924197947893,0.548502958149407
4.99,0.264903475512474,0.488427894157908
5,0.218655569136246,0.526910200635439
5.01,0.177481608424261,0.478045024470564
5.02,0.141497812026379,0.370097343658038
5.03,0.110654457573093,0.351702144439785
5.04,0.0847631671505216,0.258644717367193
5.05,0.0635298132448781,0.280456379686162
5.06,0.0465884658906972,0.198266476095519
5.07,0.0335308184685528,0.191382549556054
5.08,0.0239262600358122,0.162617961925998
5.09,0.0173303842792073,0.321687134571886
5.1,0.0132835890200508,0.340999479749003
5.11,0.0113052107389616,0.217800207968031
5.12,0.0108908533182797,0.161069917847398
5.13,0.0115201279712485,0.245903596293463
5.14,0.0126787534668095,0.434323613955215
5.15,0.0138937758698179,0.420319689266446
5.16,0.014775272496417,0.121093946298318
5.17,0.0150542404412643,0.231139646595641
5.18,0.0146058739497814,0.382594746289259
5.19,0.0134504912130257,0.256359015638476
5.2,0.0117301299199256,0.386085862917749
5.21,0.00966548238188082,0.230088834640097
5.22,0.0075032465837946,0.303512598371063
5.23,0.00546641354675336,0.271469173159122
5.24,0.00371879350618946,0.510513398110016
5.25,0.00235073305825329,0.324814092257269
5.26,0.00138701879585107,0.154001611981544
5.27,0.000812343029973486,0.201902529719185
5.28,0.000606085934068012,0.279840896814256
5.29,0.000777375724327551,0.0984809252379586
5.3,0.00139321426416909,0.106943906275853
5.31,0.00259584022470385,0.162825656001952
5.32,0.00460902356543038,0.226774652536133
5.33,0.00773543196177815,0.356824206433333
5.34,0.0123480092643568,0.240317648088652
5.35,0.0188776516539488,0.281654644284928
5.36,0.0277981197179323,0.272249466360391
5.37,0.0396079984683894,0.232594598667545
5.38,0.0548092440936076,0.412928607548247
5.39,0.073882518032893,0.234995454447434
5.4,0.0972606472809066,0.327462821432488
5.41,0.12530243286815,0.345548429135104
5.42,0.158269044461611,0.448459564035084
5.43,0.196304229802414,0.572003898677317
5.44,0.239417945150633,0.527097467006445
5.45,0.287471598649045,0.644042153554804
5.46,0.340162750905544,0.646550558995502
5.47,0.397008307447653,0.591694052493651
5.48,0.457327766080504,0.707769496776169
5.49,0.520231070005569,0.87345473755566
5.5,0.584617800701018,0.702026531570097
5.51,0.649194663106421,0.916612666060395
5.52,0.712515908412884,0.94048925766116
5.53,0.773046840159,1.08282039201736
5.54,0.829245050620384,1.12779771645146
5.55,0.879649219344038,1.1412157499774
5.56,0.922962767745762,1.27876745763084
5.57,0.958120333563832,1.07131300655866
5.58,0.9843288209955,1.29122583278461
5.59,1.00108059830433,1.10752035475525
5.6,1.008142507506,1.28668035620356
5.61,1.00552891708419,1.24289484113123
5.62,0.993468834800479,1.29967431611634
5.63,0.972375800536717,1.20609162384436
5.64,0.942825604353031,1.04328328686669
5.65,0.905542242048722,0.969369717585845
5.66,0.861388535540915,1.12757652170563
5.67,0.811355741419412,1.02680989977296
5.68,0.756546719319098,0.930561427028872
5.69,0.698149452879268,0.89129007037968
5.7,0.637400902450762,0.800002047675013
5.71,0.575544112683465,0.777518151689524
5.72,0.513783249915328,0.652046047229073
5.73,0.453241425192064,0.505533143688261
5.74,0.394925022712632,0.586414485691145
5.75,0.339696495932749,0.630461038144021
5.76,0.288256006019212,0.643630290083439
5.77,0.241131401409537,0.444534056183989
5.78,0.198675961308175,0.393383941151237
5.79,0.1610737011186,0.43720283731479
5.8,0.128352293000014,0.329619466368372
5.81,0.100403307584893,0.260446227518472
5.82,0.0770084042772595,0.130675489527331
5.83,0.0578686099986547,0.147203090442302
5.84,0.042632588711924,0.26331027489202
5.85,0.0309195277478192,0.100027137642005
5.86,0.0223333808087171,0.289761303297493
5.87,0.0164676170193919,0.0899408406877912
5.88,0.0129026747049276,0.176206410848039
5.89,0.0112009857934535,0.18737104225059
5.9,0.0109056979698398,0.183770107560872
5.91,0.0115484486955355,0.195095652281444
5.92,0.0126687820045192,0.229408971684045
5.93,0.0138438038797177,0.170041725035352
5.94,0.0147226970174414,0.158538610476098
5.95,0.0150580943029856,0.188955608877787
5.96,0.0147259973505182,0.138447752961044
5.97,0.0137281563315464,0.292445780364811
5.98,0.012175013661465,-0.00843831708990728
5.99,0.0102522305213735,0.242671525000985
6,0.00817799458030974,0.135782104071551
6.01,0.00616052059529137,0.184624534922013
6.02,0.00436480388042224,0.225223446085179
6.03,0.0028949740668509,0.208727698854672
6.04,0.00179443125602255,0.0850542892236535
6.05,0.00106161361059964,0.25937711015743
6.06,0.000675972952904354,0.0010907166711748
6.07,0.000627308185428929,0.197029830331947
6.08,0.000942157228625351,0.0843184195749669
6.09,0.0017029821159024,-0.0303918149138577
6.1,0.00305851442529415,-0.0279454436988427
6.11,0.0052259317003106,0.140045554847143
6.12,0.00848686349174324,0.298497041458074
6.13,0.0131794002164767,0.144077630434792
6.14,0.0196875836995273,0.216058391341506
6.15,0.0284288624351197,0.198290079321804
6.16,0.0398392783662201,0.0870777299050858
6.17,0.0543560638759599,0.227101590443559
6.18,0.0723978568161203,0.19386517200186
6.19,0.0943435538263664,0.200887430924324
6.2,0.120511436944979,0.287383965545807
6.21,0.151140233855154,0.294470817277969
6.22,0.186373100209373,0.216516530467559
6.23,0.226244388908227,0.334851356805528
6.24,0.270668007736419,0.272988589766907
6.25,0.319425729795297,0.440276085388314
6.26,0.372154380046973,0.404600263985998
6.27,0.428332359001765,0.528230351196184
6.28,0.487268032325709,0.577087282195359
6.29,0.548094358030077,0.583483573879331
6.3,0.609774938706449,0.700666156918996
6.31,0.671125926071439,0.767344375610955
6.32,0.730855804934318,0.759279894699691
6.33,0.787621537512952,0.924882207147979
6.34,0.840095787762508,0.991586145190144
6.35,0.887037056490108,0.870737111774248
6.36,0.927353437058443,0.898401466518565
6.37,0.960151754047806,1.03104426583106
6.38,0.984766844123348,0.938077454261619
6.39,1.00076987501421,0.987752683837046
6.4,1.00795874092755,1.09168681158488
6.41,1.00633660809654,0.976504931570165
6.42,0.996085860459244,0.854432269367146
6.43,0.97754383890085,1.03983907189616
6.44,0.951184310084718,0.82867085526399
6.45,0.91760541523551,0.811471867358044
6.46,0.877521951879191,0.634866092934346
6.47,0.831758067944021,0.893580365167012
6.48,0.781236206500239,0.793192654682823
6.49,0.726959322619395,0.752358444271134
6.5,0.669985461430544,0.722533660418246
6.51,0.61139598615726,0.589555134903984
6.52,0.552260381750922,0.441886761167677
6.53,0.493601219738445,0.513335494729391
6.54,0.43636252422284,0.511828545509186
6.55,0.381383741622159,0.229133028927249
6.56,0.329380283461048,0.245164387335129
6.57,0.280930648563186,0.218477379374923
6.58,0.236469696525933,0.0908119244075688
6.59,0.196287708804623,0.205931748690345
6.6,0.1605351639216,0.0633236275621122
6.61,0.129233297109655,0.17712570386469
6.62,0.102290224130211,0.0505376617243502
6.63,0.0795216260703657,0.0783734516589132
6.64,0.0606739365340157,0.1228151826976
6.65,0.045447070712735,0.000611417388695839
6.66,0.0335134525274531,0.0502395124808154
6.67,0.0245307372882606,-0.0313386133999489
6.68,0.0181471870934003,-0.178811128851407
6.69,0.0140007727352145,-0.0635162028286358
6.7,0.0117151214034263,-0.0134127071493902
6.71,0.0108967087522869,-0.0357792450124257
6.72,0.0111376859344459,-0.0918432868506687
6.73,0.0120272901134153,-0.177678945208337
6.74,0.0131722223501027,-0.0306089213611586
6.75,0.0142233925727662,-0.157770593794177
6.76,0.0149039187158224,-0.18708509711115
6.77,0.0150320290909032,-0.0423630707800781
6.78,0.0145330090113424,-0.192207277886554
6.79,0.0134365058892646,-0.0782352330541779
6.8,0.0118588089042104,-0.102224515603686
6.81,0.00997325299364345,-0.213650987862289
6.82,0.00797468974700179,-0.0180570042237725
6.83,0.00604526359221397,-0.164803477656499
6.84,0.00432821301876015,-0.0260912143932076
6.85,0.00291428801074409,-0.164475295534799
6.86,0.00184228348247035,-0.176493647567619
6.87,0.00111201187579465,-0.136636622748103
6.88,0.000705611173417883,-0.166082847796219
6.89,0.000611955153507993,-0.168926981485791
6.9,0.000849221542422446,-0.213214787400335
6.91,0.00148207873142331,-0.242213071448518
6.92,0.0026318855961182,-0.0977530636337476
6.93,0.00448010626088106,-0.212219982960451
6.94,0.00726631772339498,-0.257780919788587
6.95,0.0112825260350151,-0.186973247239521
6.96,0.0168651267366706,-0.207504793401328
6.97,0.024385107192249,-0.313969340736228
6.98,0.034236424905368,-0.154575520240166
6.99,0.0468222341154668,-0.107914559961957
7,0.0625388721690201,-0.084538092312479
7.01,0.0817581049967951,-0.0599839690284875
7.02,0.104808744232631,-0.150896063948307
7.03,0.131959042999522,-0.0721788141492456
7.04,0.163401046818931,-0.0977548954694128
7.05,0.199237354838582,-0.0344590655689135
7.06,0.239469814157838,-0.0425182668361941
7.07,0.283988951678664,0.00716748434573722
7.08,0.332562845920843,0.193181265247756
7.09,0.38482486011221,0.171019610644616
7.1,0.440261091318775,0.225355510414103
7.11,0.498200118483522,0.44020882781142
7.12,0.557809038297624,0.354661580593634
7.13,0.618100250962265,0.374576847635572
7.14,0.677952614078485,0.535133354302815
7.15,0.7361484265797,0.492560421076381
7.16,0.791424669994847,0.694683825480958
7.17,0.84253378406752,0.603819910331982
7.18,0.88830686124255,0.628627788009853
7.19,0.927711226552201,0.622027778287441
7.2,0.959895255603238,0.772147012010675
7.21,0.984215799114915,0.885732045986009
7.22,1.00024708691865,0.75423782326795
7.23,1.00777355426018,0.809480132561357
7.24,1.00677173626074,0.812586763781984
7.25,0.997387547125608,0.888713476219841
7.26,0.979914692320528,0.809019544993142
7.27,0.954777953304112,0.643367321465357
7.28,0.922522330159682,0.639782115130448
7.29,0.883806389935823,0.595701397830702
7.3,0.839396407409117,0.620924842874754
7.31,0.790157433066138,0.558705330310493
7.32,0.737038277791086,0.534042185784167
7.33,0.681049164338216,0.39478028326066
7.34,0.623232825982232,0.358237938758214
7.35,0.564631487968347,0.387892313957223
7.36,0.506253004984599,0.261120762666733
7.37,0.449039331625469,0.15846203203917
7.38,0.393839682794645,0.232273835912618
7.39,0.34138961786852,0.102231154292232
7.4,0.292296305402041,-0.0221979052491262
7.41,0.247029694941633,0.141746154994583
7.42,0.205919286273002,-0.130428354582959
7.43,0.169156442045487,-0.217020545813002
7.44,0.136802394357502,-0.287890250722162
7.45,0.108801933428807,-0.0842512941964486
7.46,0.0850021051453208,-0.203422225942806
7.47,0.0651742191508578,-0.203275701113
7.48,0.0490364525555918,-0.174758930754471
7.49,0.0362737998305732,-0.248523647324343
7.5,0.0265524483842535,-0.350036982536407
7.51,0.0195269630229426,-0.384818876901429
7.52,0.0148406924933963,-0.261149501156986
7.53,0.012121999999042,-0.222957695692096
7.54,0.0109805477092579,-0.420575344631997
7.55,0.0110083043481,-0.215311733445958
7.56,0.0117888917325284,-0.204169220295939
7.57,0.0129165037079905,-0.133380033271796
7.58,0.0140225389455442,-0.222761026673698
7.59,0.0148051961869255,-0.218796584109978
7.6,0.0150555071840673,-0.186563922935285
7.61,0.0146732627138723,-0.23678758599519
7.62,0.013668148763451,-0.242532698449803
7.63,0.0121447119562409,-0.228246608123394
7.64,0.010273623360583,-0.179661257470798
7.65,0.00825503135166396,-0.275467972991787
7.66,0.00628165547732477,-0.282603803801267
7.67,0.00450917288919688,-0.31328276107446
7.68,0.00303946382976332,-0.321768414748179
7.69,0.00191903164364388,-0.219685172891665
7.7,0.00115134920571575,-0.122320643440018
7.71,0.000718989283175501,-0.323517870460304
7.72,0.000609878981784451,-0.260612629933602
7.73,0.000842113202332842,-0.327077403134218
7.74,0.00148319792540035,-0.170714546741564
7.75,0.00266172891959889,-0.266851933787591
7.76,0.00457158007260213,-0.224463024436138
7.77,0.00747005952236037,-0.20722791715972
7.78,0.0116719138882446,-0.31434960661445
7.79,0.0175406401228631,-0.23161089057865
7.8,0.025477720108718,-0.232608460858113
7.81,0.0359096431943318,-0.148881644585412
7.82,0.0492723192700886,-0.287162318275952
7.83,0.065992819859378,-0.266689062776324
7.84,0.0864691140940299,-0.0878111918883599
7.85,0.111049180310005,-0.170367946677326
7.86,0.140011151860269,-0.145956697068073
7.87,0.17354577130342,-0.0492876664551687
7.88,0.211741473593335,-0.0444509820761651
7.89,0.254571297928543,0.174679287609512
7.9,0.301880099183981,0.0948419014918898
7.91,0.353370675279881,0.139940109172099
7.92,0.408588621869434,0.25820783549381
7.93,0.466907712894671,0.238776752347594
7.94,0.527519731676564,0.309657918811255
7.95,0.589434094757504,0.28345967798835
7.96,0.651492580002048,0.249569148551895
7.97,0.712402655240649,0.399040804534427
7.98,0.770789547761907,0.564874835464709
7.99,0.825263103735826,0.529338795639039
8,0.874491806116385,0.718159557672608
8.01,0.917274177377484,0.765708023068359
8.02,0.95259792214406,0.762319659801847
8.03,0.979679638638768,0.757822217171179
8.04,0.997982109986929,0.684985142848373
8.05,1.00721091218362,0.780776159295319
8.06,1.00729601563487,0.771404617710657
8.07,0.998366139617117,0.853864030746303
8.08,0.980723366626309,0.889989764069646
8.09,0.954823192476536,0.801656266852777
8.1,0.921261660729895,0.639959167369146
8.11,0.880767704026419,0.825655320161202
8.12,0.834196397161852,0.72851578670018
8.13,0.782518177329144,0.616209973493076
8.14,0.726800232611721,0.368445709625392
8.15,0.668178636288219,0.41236492066304
8.16,0.607822500610716,0.425312965842707
8.17,0.546893529562994,0.43323131340543
8.18,0.486505276653523,0.220036608375805
8.19,0.427686067669831,0.515028886986671
8.2,0.371348305223001,4.48519128600777e-05
8.21,0.318265371702475,0.134980731135108
8.22,0.269056202187672,0.0865002209346632
8.23,0.224177137543436,0.0119666830552244
8.24,0.183920819343857,0.00194073744035669
8.25,0.148422249997813,0.0540632090482519
8.26,0.117672198718515,-0.103282319896074
8.27,0.0915375323178654,-0.223330270465421
8.28,0.0697867999439709,-0.0681577411341426
8.29,0.0521179208565438,-0.0906491185049662
8.3,0.0381837906059143,-0.102633946045788
8.31,0.0276116814330587,-0.0558420809821024
8.32,0.0200137769086367,-0.115026215479938
8.33,0.0149888202768776,-0.0539837600601103
8.34,0.0121179103560262,-0.276841984389687
8.35,0.0109598859638464,-0.204415870537412
8.36,0.0110525163982541,-0.0831611763043582
8.37,0.011924349602757,-0.135398195594286
8.38,0.01311877067769,-0.0273401813667604
8.39,0.0142275205004878,-0.179119068599543
8.4,0.0149269947939227,-0.0370362832550164
8.41,0.0150084563067427,-0.145259161186252
8.42,0.0143937218978205,-0.178275594287591
8.43,0.013130980230197,-0.114764837983695
8.44,0.0113703202228265,-0.0819448420425653
8.45,0.00932384215107871,-0.182995737066212
8.46,0.00721926916979902,-0.144795759286248
8.47,0.00525755169129542,-0.182103734672732
8.48,0.0035836286863512,0.000503410327311063
8.49,0.00227577024281687,-0.0209966408089363
8.5,0.00135400013611017,-0.159133368489894
8.51,0.000803508904835884,-0.0292029033847413
8.52,0.000606016447201619,-0.0911292321022926
8.53,0.000771386892174694,-0.156269709146554
8.54,0.00136328718964997,-0.0295787067226087
8.55,0.00251548595188966,-0.0846140111878387
8.56,0.00443836748085457,0.0169153157704706
8.57,0.00741737718970169,-0.0627420565196053
8.58,0.0118058966884956,0.0556574756202422
8.59,0.01801456923572,-0.0705721042716277
8.6,0.0264979541791015,-0.000347276127562919
8.61,0.0377383561342917,0.0263577654085082
8.62,0.0522263388077383,0.0369636273771545
8.63,0.0704379418194869,0.0524218980609031
8.64,0.0928096392156965,0.0610249504851085
8.65,0.119712985739324,0.0851311678419635
8.66,0.151431099595474,0.236758558024795
8.67,0.188138384500903,0.240355907695958
8.68,0.229883460996123,0.164105517618483
8.69,0.276573845642733,0.374751212052367
8.7,0.327960308575989,0.329458432195525
8.71,0.38361962219508,0.325739126373834
8.72,0.442936584747277,0.453343870753896
8.73,0.505089097042517,0.492792869643563
8.74,0.569042547904262,0.580852100149856
8.75,0.633560624130246,0.562878376029269
8.76,0.697238134272234,0.642294922357342
8.77,0.758557552325326,0.881685372278882
8.78,0.81596566439841,0.910418440565008
8.79,0.867961493021826,0.818252084082125
8.8,0.913183258942445,0.865605875673715
8.81,0.950481727955416,1.11621513360066
8.82,0.978970164256588,1.16299173673321
8.83,0.998046491728773,0.970598859826289
8.84,1.00738954557182,0.941347617851134
8.85,1.00693658699036,1.25837023516514
8.86,0.996852018099509,1.06017996778419
8.87,0.977496809047131,1.04078944849513
8.88,0.949404941954309,1.0072342935054
8.89,0.913268481763105,1.08077160431296
8.9,0.869928394503563,0.913070279381412
8.91,0.820365428373985,0.998950647416363
8.92,0.765685019367035,0.813208796643855
8.93,0.707092124219375,0.816009922564554
8.94,0.645855179309471,0.634998370705765
8.95,0.583261730141011,0.672025660787788
8.96,0.520570521693991,0.695038774020644
8.97,0.45896540070334,0.52758149059097
8.98,0.399515389525166,0.587060176819592
8.99,0.343143447056746,0.649507800528274
9,0.290604633248347,0.45737228684319
9.01,0.242473321055299,0.317205521403869
9.02,0.199138935390632,0.30466809508797
9.03,0.160810095126407,0.227077309369282
9.04,0.127527337340931,0.405954000086518
9.05,0.0991842204894373,-0.0302532688861621
9.06,0.0755553442310931,0.192402434958504
9.07,0.0563280488388155,0.17860516641219
9.08,0.0411330597171142,0.174743400388688
9.09,0.0295690026597148,0.0245240230450102
9.1,0.0212170726313655,0.161117851995171
9.11,0.0156450731378196,0.156261874205367
9.12,0.0124037181716459,0.241673024524426
9.13,0.0110212044727305,0.184433435898104
9.14,0.011003336832923,0.234696628680614
9.15,0.0118451856538352,0.0726024056007872
9.16,0.0130565352819503,0.143335692663893
9.17,0.0141983319429086,0.172616372084136
9.18,0.0149226433824304,0.182599108830095
9.19,0.0150059904507618,0.108192113035654
9.2,0.0143663841578659,0.284155200969798
9.21,0.0130580465731521,0.118306592553138
9.22,0.0112435661629749,0.0389940590423346
9.23,0.00914934250566433,0.200919246922467
9.24,0.00701468135883054,0.222394727881453
9.25,0.00504640996205379,0.245406106608949
9.26,0.00338899989854699,0.0951000928866732
9.27,0.00211562911556522,0.152214947997827
9.28,0.00123992827392584,0.0674453684892871
9.29,0.000743137897675691,0.243289601588263
9.3,0.000608476719217721,0.205841155191816
9.31,0.000854282394047106,0.253789905242854
9.32,0.00155957135819946,0.232439466170359
9.33,0.00287898855702989,0.138841577846459
9.34,0.00504734643838704,0.206299652625365
9.35,0.00837602743712141,0.0448604590407067
9.36,0.0132440232094467,0.244878290885273
9.37,0.0200855929274134,0.291200903167652
9.38,0.0293752119595036,0.155087438479665
9.39,0.041609502787428,0.0686291484019733
9.4,0.0572857273951209,0.135453728152183
9.41,0.0768771725758544,0.189876308409391
9.42,0.100806880739808,0.404149964098233
9.43,0.129421956785135,0.335741671467452
9.44,0.16297056652632,0.271925578886616
9.45,0.201582648529638,0.455914837656867
9.46,0.24525375094487,0.28233564140576
9.47,0.293830105415927,0.487619109538553
9.48,0.346992879007991,0.651348712470368
9.49,0.404240903158193,0.593969498896691
9.5,0.464873793990104,0.788065016838777
9.51,0.527980327126677,0.892014294812249
9.52,0.592438947843024,0.72102997619
9.53,0.656937270150106,0.788339473766236
9.54,0.720014862760967,0.8719682849124
9.55,0.780128952988158,1.04901868907095
9.56,0.835737156341913,1.13057330236406
9.57,0.885386661062025,1.21154221899601
9.58,0.927797024287087,1.26253035933942
9.59,0.961924725967671,1.28006567828729
9.6,0.987001697459908,1.29553063932529
9.61,1.00254600998974,1.25017875166246
9.62,1.00834897753859,1.17303374676963
9.63,1.00444729998928,1.18321832037449
9.64,0.991090349785603,1.26164479614682
9.65,0.968711080587882,1.3423779954787
9.66,0.937905116671213,1.31435916887409
9.67,0.899417861908672,0.986245997977137
9.68,0.854135576750005,1.02923698001544
9.69,0.803074507237296,1.15927991998739
9.7,0.747362698926016,0.905715931645039
9.71,0.688211609233382,0.803368097116601
9.72,0.626877953377995,0.919819533856285
9.73,0.564619139448789,0.948880212475604
9.74,0.502647243198075,0.903651776032227
9.75,0.442086438328471,0.731529472972902
9.76,0.383937478589699,0.688854188400114
9.77,0.32905098940718,0.621680709803583
9.78,0.278109779672573,0.52491652286646
9.79,0.231619630410334,0.210518215269326
9.8,0.18990806401714,0.499738540968494
9.81,0.153131013100911,0.371096016073734
9.82,0.12128747573838,0.451584031244182
9.83,0.0942417028016357,0.293781941645003
9.84,0.0717511688646691,0.190828992484099
9.85,0.053496970472649,0.403058580065086
9.86,0.0391121298199887,0.303614950144635
9.87,0.0282032954225991,0.55782292159643
9.88,0.0203628827978435,0.34356041414996
9.89,0.0151715397165714,0.348909374022491
9.9,0.0121941122987769,0.323016813930136
9.91,0.010974866573272,0.212232262870721
9.92,0.0110385284904588,0.230696543677764
9.93,0.0119022223489446,0.34569705445696
9.94,0.0130998816571802,0.346186271198036
9.95,0.014216206224026,0.309152800939423
9.96,0.014923214825293,0.183870473403649
9.97,0.0150103048422481,0.397179173151776
9.98,0.0143993270325729,0.151930365527775
9.99,0.0131394808814301,0.224792682264259
10,0.0113819017026261,0.44308189445956
10.01,0.00933911437107608,0.296302220493461
10.02,0.00723845134321799,0.329221655525828
10.03,0.00527990607106428,0.279006824254206
10.04,0.0036073767675422,0.166699727649799
10.05,0.00229842392013428,0.196418403574998
10.06,0.00137277916202675,0.255616871806404
10.07,0.000815400686985965,0.00662051824411994
10.08,0.000607099224367105,0.171870692672319
10.09,0.000755236019856515,0.302706483492924
10.1,0.00131851870072698,0.214428793503361
10.11,0.00242266482619216,0.215597494203851
10.12,0.00426657187143959,0.308523774555992
10.13,0.00712068315200907,0.19705499326226
10.14,0.0113199978921447,0.293849452212855
10.15,0.017253742801195,0.134390272412027
10.16,0.025352654283407,0.15672889752977
10.17,0.0360738253962119,0.130332739816846
10.18,0.0498826934212913,0.283388429119924
10.19,0.0672321347929725,0.27601911380716
10.2,0.088539520261848,0.427646414383571
10.21,0.114163423707391,0.333015395262834
10.22,0.144381942489274,0.473271762197831
10.23,0.179374026347998,0.553934282990862
10.24,0.219204001059421,0.397182116173552
10.25,0.263808162303509,0.510405890244827
10.26,0.31298160075107,0.459140989654818
10.27,0.366363829203363,0.637341314055608
10.28,0.423423407722162,0.547127746853901
10.29,0.483444152187114,0.609518176436416
10.3,0.545517788015368,0.774880180251702
10.31,0.608549073664125,0.820100481070491
10.32,0.671278729581479,0.894563630602769
10.33,0.73232680929177,0.938098545021821
10.34,0.790254987035719,0.946100062576171
10.35,0.843641733935286,1.0292359217134
10.36,0.891160863617432,1.21462025180668
10.37,0.931652578668366,1.12186694637327
10.38,0.964177456193033,1.04810695250207
10.39,0.98804747923811,1.10761779448709
10.4,1.00283322336068,1.09951388515084
10.41,1.00835121009018,1.1188252585957
10.42,1.00463886404832,1.08385395161501
10.43,0.991925577710381,0.959545595369429
10.44,0.970606980491397,1.19937234771276
10.45,0.941226279079759,1.1667884009676
10.46,0.904462653922535,1.05465910464807
10.47,0.861123439519001,0.970917295087717
10.48,0.812135143710316,0.912279367009897
10.49,0.758528626882969,0.952935690958395
10.5,0.701415650204213,0.879407565746302
10.51,0.641956699809363,0.832882982104544
10.52,0.581322520978208,0.7362022830718
10.53,0.520653363182867,0.721933214355686
10.54,0.461020199176684,0.644511466690247
10.55,0.403391305679929,0.594267791331411
10.56,0.348606124657723,0.531677530233914
10.57,0.297356921589076,0.570857892327076
10.58,0.250177910875016,0.303454006439907
10.59,0.207441364240189,0.462888650158083
10.6,0.16936051699353,0.274481828868989
10.61,0.135999373693474,0.259710417589854
10.62,0.10728934203449,0.239712236466482
10.63,0.0830517987190343,0.17013379136676
10.64,0.0630243970926299,-0.0213616679775083
10.65,0.0468876751818111,0.138727964858024
10.66,0.0342879505194877,0.151407565125294
10.67,0.0248530745021467,-0.00344388376826416
10.68,0.0181994453792307,0.169807073192815
10.69,0.0139313294406382,0.0706324956913224
10.7,0.011636197658913,0.228789246580756
10.71,0.0108815002208059,0.130235934497521
10.72,0.011218338979227,0.043093223559862
10.73,0.0121956357066717,0.117386099041278
10.74,0.0133850550547161,0.12254043078584
10.75,0.014413099416588,0.172685538055234
10.76,0.0149936751520803,0.0844961558211356
10.77,0.0149531096294181,-0.0689367316745801
10.78,0.0142406248272649,-0.0142395342815302
10.79,0.0129204628560821,0.0165319835084298
10.8,0.0111463336278692,0.114123803522289
10.81,0.00912331332137024,0.0518841711344789
10.82,0.00706545501925921,0.0201227186758515
10.83,0.00515828234100387,-0.00357913506171142
10.84,0.00353381681903349,0.0713191193701075
10.85,0.00226237241838751,-0.0137372494233973
10.86,0.00136111007392064,0.0182576809701957
10.87,0.000815530381557851,-0.0290464054898952
10.88,0.000607710827152381,-0.0685190232651464
10.89,0.00074464447814093,0.115682287447611
10.9,0.00128134547852268,-0.0690134662866754
10.91,0.00233576423833918,0.0398581641787056
10.92,0.00409507743629889,-0.0131105329811701
10.93,0.00681476870295741,-0.0530482357675564
10.94,0.0108126590757198,0.0529298416541903
10.95,0.0164597316930782,0.0642375584121718
10.96,0.0241686707640026,0.139820620147388
10.97,0.0343801143704501,0.0714254969158788
10.98,0.0475462067507523,0.0440428720397721
10.99,0.0641113122486274,0.276428095677591
11,0.0844905281916645,0.0331314792765798
11.01,0.109047451132154,0.0260008051325604
11.02,0.138073017036814,0.0890167566459304
11.03,0.171766866497311,0.153232587825898
11.04,0.210221660167142,0.245102848030578
11.05,0.253409525989625,0.270074305943186
11.06,0.301168986187976,0.272659682850024
11.07,0.353190834310585,0.261173983718245
11.08,0.409002711735266,0.472258943665539
11.09,0.467954281820419,0.510893895011703
11.1,0.529207189806064,0.43746674567276
11.11,0.591735491095471,0.609467037549723
11.12,0.654342128271139,0.649724617171428
11.13,0.71569499914131,0.755282521519612
11.14,0.774382492096283,0.738925190023858
11.15,0.828983986675425,0.686882632989415
11.16,0.878146986589733,0.888152310287365
11.17,0.92066046899377,0.804800226057372
11.18,0.955514427948671,0.936770957076252
11.19,0.981938456465506,1.0515508914174
11.2,0.999416783672771,0.818311301571376
11.21,1.00768216475482,1.06171533106976
11.22,1.00669499715567,1.04072127359556
11.23,0.996615929447599,0.876800859206489
11.24,0.977779637411591,0.876880575246955
11.25,0.950674748422621,0.811747219502981
11.26,0.9159311130724,0.782995574485485
11.27,0.874312034368875,0.830146687895362
11.28,0.826706786270273,0.661041777174702
11.29,0.774118378788808,0.661949180121955
11.3,0.717642971040153,0.606011897364666
11.31,0.658439919352736,0.547438437857976
11.32,0.597694193963526,0.505797129065783
11.33,0.536574892388956,0.554771226764558
11.34,0.47619429151165,0.327462277851907
11.35,0.417571314046389,0.238281069115922
11.36,0.361601899587049,0.306232575189734
11.37,0.309037247571459,0.217693404014944
11.38,0.260469834851125,0.154544959905097
11.39,0.216326769428091,0.135835474414735
11.4,0.176870275793435,-0.0668125255762258
11.41,0.142205460414127,0.0936076880849214
11.42,0.112295461350253,0.0120399444649271
11.43,0.0869833414859559,0.0236380155357581
11.44,0.0660187350230644,-0.124167817945965
11.45,0.0490857960195639,-0.243402125092264
11.46,0.0358281321563995,-0.1508715978959
11.47,0.025866747056308,-0.197385150017058
11.48,0.0188087729416279,0.0431828278103225
11.49,0.0142476021563879,-0.174990134439097
11.5,0.011758064033139,-0.164339885790525
11.51,0.0108924525009641,-0.065566588854506
11.52,0.0111835667864771,-0.103308457225098
11.53,0.0121591050718029,-0.100706373322718
11.54,0.0133681218737723,0.0547948658090892
11.55,0.0144158859129252,-0.144091851003602
11.56,0.0149997832855684,-0.00687710457105234
11.57,0.0149372116472681,-0.141516986952377
11.58,0.0141774301609739,-0.281722965386014
11.59,0.0127929224901191,-0.346958306330791
11.6,0.010950993080174,-0.121003730401455
11.61,0.00887150215659396,-0.257320788805006
11.62,0.00678026886867751,-0.178401548729705
11.63,0.00486864433800256,-0.0437587497295874
11.64,0.00326783832355732,-0.161963264446462
11.65,0.0020424506757267,-0.216109010774847
11.66,0.00120264974578693,-0.350087802752397
11.67,0.000730082401913105,-0.262749117994653
11.68,0.000610094115998424,-0.246931461444313
11.69,0.000862677431875432,-0.147919328507042
11.7,0.00156643632921086,-0.165262900282769
11.71,0.00287281410667588,-0.203464230956404
11.72,0.00501072210280334,-0.189932451448524
11.73,0.00828358780214974,-0.225997495496591
11.74,0.0130613193425893,-0.197579916895305
11.75,0.0197689874991386,-0.17334397872804
11.76,0.0288728291741764,-0.151787821049657
11.77,0.0408632512013685,-0.031224905020772
11.78,0.0562343734910407,-0.252689225941085
11.79,0.0754603322561638,-0.0281380808112747
11.8,0.0989696383924697,-0.0704713390038905
11.81,0.127119691694619,-0.221204892508188
11.82,0.160173539388457,-0.0881819323884476
11.83,0.198279999601795,-0.0797093071134652
11.84,0.241456732595052,-0.0622318486115034
11.85,0.289574507840675,-0.0638678688161945
11.86,0.342340605626938,0.0710820961917015
11.87,0.399280478962493,0.131446722021146
11.88,0.459719319142593,0.19960069990706
11.89,0.52276818001679,0.122458711832364
11.9,0.587321574647148,0.386081049205647
11.91,0.652073775706571,0.474125994654479
11.92,0.715558801299631,0.540024609002928
11.93,0.776214516330982,0.598164003345887
11.94,0.832465591904982,0.607838014379154
11.95,0.882814965259799,0.758702540489738
11.96,0.9259306275598,0.613367576564126
11.97,0.96071509114085,0.619320243266634
11.98,0.986348750206579,0.769335932864639
11.99,1.00230444677026,0.792803773551417
12,1.00833703541463,0.703169137983151
12.01,1.00445663613964,0.761305461479893
12.02,0.990896163885921,0.77009520558244
12.03,0.968082252332078,0.751251673776105
12.04,0.936614610160553,0.759042769780012
12.05,0.897253747703648,0.723784055731419
12.06,0.85091270694293,0.408070416086414
12.07,0.79864630922369,0.687998672708613
12.08,0.741632004012768,0.528923143470584
12.09,0.681139161831479,0.386066961250566
12.1,0.618487381813107,0.279667417809266
12.11,0.554997654697063,0.377593846455799
12.12,0.49194196875697,0.268269494472737
12.13,0.430496828603266,0.266760416716141
12.14,0.371704602470371,0.116880061307988
12.15,0.316444538334372,0.0469958203262417
12.16,0.265413635836708,0.194840065316556
12.17,0.219116867783761,-0.193522356978837
12.18,0.177866434912916,-0.0404448844669025
12.19,0.141790215861426,-0.0767861940557749
12.2,0.110849580835035,-0.103145603192987
12.21,0.0848657845683908,-0.119255535493698
12.22,0.0635523374294604,-0.206966992068217
12.23,0.0465487795761807,-0.108141755886807
12.24,0.0334501831133541,-0.410424955631946
12.25,0.0238273513657214,-0.287642990768519
12.26,0.0172353116122075,-0.238766175550929
12.27,0.0132116833778684,-0.219598729116149
12.28,0.0112704973299236,-0.201429662827809
12.29,0.0108994432696106,-0.182475832895753
12.3,0.0115681452345371,-0.352892975089851
12.31,0.0127516545016911,-0.229625060400635
12.32,0.0139678350066648,-0.186253311631005
12.33,0.0148215222122559,-0.120344152521108
12.34,0.0150443777984138,-0.234385440928599
12.35,0.0145188409015504,-0.0969195331074291
12.36,0.0132779454314422,-0.247594829984349
12.37,0.0114791088660336,-0.229797922738287
12.38,0.00935728849889391,-0.214000076124491
12.39,0.00716875159735445,-0.268040376070879
12.4,0.00513919976554182,-0.171403721267956
12.41,0.00342837246503263,-0.336807182800592
12.42,0.002118190229914,-0.22961603386152
12.43,0.00122477821249122,-0.271967340717798
12.44,0.000728572464158624,-0.271608080963261
12.45,0.000613010891164721,-0.134420477927908
12.46,0.000901886167089919,-0.140604622733145
12.47,0.00168789758700316,-0.0946459052242205
12.48,0.0031489355347895,-0.240579740818686
12.49,0.00555248292821214,-0.212886857267985
12.5,0.00925089860691589,-0.33427140648055
12.51,0.0146707722873445,-0.234101539386617
12.52,0.0222984421689529,-0.0525683822139268
12.53,0.0326621727848318,-0.214898165056451
12.54,0.046310469993079,-0.259433255212309
12.55,0.0637861456021331,-0.143456838873611
12.56,0.0855968834971573,-0.0233962166941026
12.57,0.112184441324366,-0.220843295298376
12.58,0.143895312706839,-0.0812386471082313
12.59,0.180955094135554,0.0155540627011026
12.6,0.223447078333163,0.180861605116994
12.61,0.271293575680797,0.0233352063871003
12.62,0.324237332412863,0.249197089868182
12.63,0.381821107677313,0.152749020316644
12.64,0.443366151094197,0.168634913566197
12.65,0.507954153172681,0.22718495707012
12.66,0.574420626946194,0.368974033387273
12.67,0.641368882017716,0.454116530816993
12.68,0.707211649737545,0.498255332595568
12.69,0.77024207912002,0.673665755379264
12.7,0.828728630823435,0.665542279093677
12.71,0.881021634465825,0.696644390016922
12.72,0.925655308716564,0.704012136181209
12.73,0.961429415927263,0.686814687088166
12.74,0.987459520145325,0.662317955787509
12.75,1.00319257955432,0.854440281547771
12.76,1.00839282770646,0.847196342322448
12.77,1.00310894217521,0.951720511160719
12.78,0.987635550085185,0.852996522038337
12.79,0.962479828876258,0.871024641013979
12.8,0.928338517353761,0.779108412787041
12.81,0.886084272679364,0.670862063906597
12.82,0.836755357076371,0.712951667748444
12.83,0.781540737003983,0.664558192017793
12.84,0.721754163600055,0.515034204204473
12.85,0.658794717483627,0.518030208284105
12.86,0.59409589064706,0.618584292478202
12.87,0.529068768513512,0.306069691404215
12.88,0.465046176687553,0.453104357473697
12.89,0.40323371639907,0.258318567148548
12.9,0.344671288722553,0.339497189507539
12.91,0.290206262070533,0.102017397145758
12.92,0.240477899186006,0.117475068946851
12.93,0.195912361717132,0.106163735075783
12.94,0.156728104978135,0.0361553836839159
12.95,0.122951852489099,0.067188577154035
12.96,0.0944447772373734,-0.0242426804639582
12.97,0.070936786088495,0.0654520976642482
12.98,0.0520644743948961,-0.0333330379048986
12.99,0.0374065419144685,-0.00304853345653088
13,0.0265104274382228,-0.160981238976763
13.01,0.0189062227893748,-0.123194394708424
13.02,0.0141081564317369,0.0150748428543775
13.03,0.0116087019060566,-0.0306303782271189
13.04,0.0108737850944759,-0.0796728583982589
13.05,0.0113480348911943,-0.0737456319967891
13.06,0.0124759503836865,-0.000225422969696944
13.07,0.0137390210290931,-0.0739476430126404
13.08,0.014702195666761,-0.0457581877176358
13.09,0.0150581049048616,-0.179737417007913
13.1,0.014656108265885,0.0968074393876964
13.11,0.0135063190947278,0.0183754742245089
13.12,0.0117554155340122,0.02530208283943
13.13,0.00963910444291821,-0.192451805687618
13.14,0.00742285421705997,-0.0405068488356576
13.15,0.00534569668303522,-0.0702314063516019
13.16,0.00358054021964496,-0.145984185602926
13.17,0.00221916019504722,0.0243758761326513
13.18,0.00128277559103613,0.0673985171747846
13.19,0.000752361350946163,-0.072691087159613
13.2,0.000608672072376036,-0.0434772367817702
13.21,0.000871335116333012,0.115477321280345
13.22,0.00162891962420664,-0.149222700905895
13.23,0.0030561508342142,0.0471744150489195
13.24,0.00541858914588496,-0.031671979523864
13.25,0.00906768988989457,-0.008673217384181
13.26,0.0144296685397798,-0.0395098688731185
13.27,0.0219904705375235,0.108119927969159
13.28,0.032277472343746,-0.0560463854361355
13.29,0.0458374462418462,0.128151127342083
13.3,0.063210418532553,0.184486818509987
13.31,0.0849001835236599,-0.0342198151929879
13.32,0.111343623476281,0.0368536000140223
13.33,0.142881677281246,0.209314984972393
13.34,0.179734215938296,0.125782861605794
13.35,0.22197935897778,0.192649739945301
13.36,0.269535749441081,0.263334730071593
13.37,0.322145168126474,0.327442439293338
13.38,0.379353523673523,0.471927917460749
13.39,0.440490843513267,0.431944519000718
13.4,0.504654585820549,0.554904768730292
13.41,0.570703848088996,0.67620534659325
13.42,0.637273203002198,0.56393566733372
13.43,0.702812894200429,0.700916489910625
13.44,0.765657059405944,0.891085895339112
13.45,0.824114837605392,0.85399897409175
13.46,0.876572811425252,0.737120740723214
13.47,0.921593446874659,0.919660101366572
13.48,0.957994456039793,1.09329200434302
13.49,0.984898412731788,1.02409740068645
13.5,1.00174916416408,1.04600097199578
13.51,1.00829931136953,1.0765425423046
13.52,1.00457884745429,1.14530767201294
13.53,0.990857244951661,1.03799235433535
13.54,0.967609479432089,1.09534286557668
13.55,0.935491662693228,1.07421787778662
13.56,0.89532608541558,0.90989070577329
13.57,0.84809067609544,0.942395391859244
13.58,0.794905714227645,0.854257943757476
13.59,0.737011531873378,0.875927121757028
13.6,0.675734184960836,0.663753668939448
13.61,0.612440196275895,0.847357045572539
13.62,0.548484871117172,0.771029853180451
13.63,0.485160276563202,0.535653681976389
13.64,0.423648531007406,0.491016261407912
13.65,0.364984173308305,0.416275535409559
13.66,0.310027122697197,0.426063231308086
13.67,0.259446079236526,0.349287145687547
13.68,0.213711620073725,0.355586717969871
13.69,0.173098525766591,0.158859674845691
13.7,0.137697342690362,0.289048222401865
13.71,0.10743509127242,0.250209340479153
13.72,0.082103963748631,0.0984199729595365
13.73,0.0613950340986786,0.230644633905218
13.74,0.0449322075669526,0.19927951751627
13.75,0.0323008699399772,0.166556794879414
13.76,0.0230666932973845,0.177432700806653
13.77,0.0167828743398401,0.205693941101221
13.78,0.0129879684063524,0.201502605714878
13.79,0.0112000848311794,0.140078692788706
13.8,0.0109150811576813,0.268936619259236
13.81,0.0116155863851735,0.177268252632189
13.82,0.0127941830282611,0.173041047597516
13.83,0.01398889717056,0.26317236115825
13.84,0.014824015047985,0.270271213480985
13.85,0.0150460047103004,0.137512538186696
13.86,0.0145442452213998,0.11618177943882
13.87,0.0133495698828937,0.140189898462484
13.88,0.0116093632622474,0.103169587781512
13.89,0.00954431281234916,0.0549679085359565
13.9,0.00739687909504886,0.222425982362143
13.91,0.00538356869581648,0.186180052733439
13.92,0.00366162703917881,0.249658968277797
13.93,0.00231642440711717,0.198927902956167
13.94,0.0013700899713555,0.232960628649464
13.95,0.000806687427404759,0.162054815333535
13.96,0.000605937553941305,0.126766965783517
13.97,0.00077688926345017,0.267995235500434
13.98,0.0013847668925748,0.269201124096187
13.99,0.00256745701251962,0.0727165918221486
14,0.00454141527867671,0.285450593820011
14.01,0.0075990611041675,0.0782941853914088
14.02,0.0121004710720426,0.222808942240823
14.03,0.0184615693634784,0.202992904908768
14.04,0.0271397488134005,0.23473272731245
14.05,0.0386167820577152,0.345828021618499
14.06,0.0533785866293895,0.174106177238203
14.07,0.0718919822352793,0.273388849840395
14.08,0.0945796211660753,0.523127368621291
14.09,0.121795122727879,0.229319297162331
14.1,0.153800528288829,0.330924190392297
14.11,0.190747336181743,0.4161324092549
14.12,0.232660906743361,0.478701274086877
14.13,0.279426664382448,0.468137245890762
14.14,0.33077605123249,0.542155205756813
14.15,0.386271084115744,0.706906904312813
14.16,0.445288535701004,0.665930454906305
14.17,0.507007490422881,0.76338611461411
14.18,0.570406215527115,0.837331292366072
14.19,0.63427485948663,0.905261444357226
14.2,0.697248829464042,0.976089664976313
14.21,0.757863950528906,1.00264583019688
14.22,0.814629598577461,0.999271849216749
14.23,0.86611136450835,1.10366467172724
14.24,0.911011922069039,1.07698565376749
14.25,0.948238630889817,1.19954364246998
14.26,0.976949165531799,1.19369010319574
14.27,0.996571362520093,1.23237038511845
14.28,1.00679908859935,1.16478347543971
14.29,1.00757062269516,1.23143507192407
14.3,0.999038515642383,1.15892210145668
14.31,0.981539598555298,1.19665330526611
14.32,0.95557110061227,1.24574791897996
14.33,0.921774791000249,1.1894425238924
14.34,0.880927090408497,1.20159264915798
14.35,0.833930458809271,1.12207936077225
14.36,0.781800750906094,1.04013880322109
14.37,0.725646589980638,1.0551100427222
14.38,0.666639446805276,1.0117471269606
14.39,0.605975985486004,0.743919541813426
14.4,0.544836376247344,0.866179235140354
14.41,0.484343097954071,0.796579571215335
14.42,0.425524235164939,0.750858099701434
14.43,0.369283874023734,0.546493543425522
14.44,0.316380613419576,0.758894398849946
14.45,0.26741405174928,0.309511057383455
14.46,0.222818680164003,0.472794745681392
14.47,0.182864793749444,0.441482694072969
14.48,0.147666394672887,0.384554710248809
14.49,0.117196102121984,0.425537250633483
14.5,0.0913064876267012,0.349340257782488
14.51,0.0697560711030472,0.255174969865368
14.52,0.0522368681254026,0.412207782398089
14.53,0.0383995083334269,0.261512557747219
14.54,0.0278721192286357,0.322763025695178
14.55,0.0202706215781672,0.212350040018367
14.56,0.0152005522675396,0.175126867564161
14.57,0.0122533013409646,0.20777311301697
14.58,0.0110017749483696,0.169664711751664
14.59,0.0110011355442753,0.296036775902254
14.6,0.0117990204324842,0.129149292363864
14.61,0.0129567201894635,0.175279655240326
14.62,0.01407902935327,0.255897028771019
14.63,0.0148470383240034,0.116234433983532
14.64,0.0150461658312075,0.212235358507253
14.65,0.0145819662031475,0.226670045252258
14.66,0.0134787374362524,0.356503363333653
14.67,0.011860041669599,0.225406980320041
14.68,0.00991475292740097,0.200968410038334
14.69,0.00785585287816765,0.186437333408754
14.7,0.00588086913506442,0.271975460219394
14.71,0.00414215998753294,0.207536985575793
14.72,0.0027324832490855,0.186771329408556
14.73,0.00168733578733679,0.205401387697872
14.74,0.00100159721781775,0.310811706526777
14.75,0.000655143062172914,0.34913360498407
14.76,0.000640967034099851,0.170662204284369
14.77,0.000990028612429635,0.222477696771749
14.78,0.00178902463886741,0.194033914447952
14.79,0.00318974519180289,0.368253103515389
14.8,0.00541077164775721,0.267394236089128
14.81,0.00873343882084032,0.0792152870163017
14.82,0.0134940776853414,0.18986632261127
14.83,0.0200738648765351,0.0458834485525254
14.84,0.0288866650550771,0.228767648296989
14.85,0.0403645998790524,0.302048987362077
14.86,0.0549410276703833,0.186758878055075
14.87,0.0730311487003015,0.171778554532737
14.88,0.0950112392967363,0.394754379484583
14.89,0.121198105355904,0.241202493296873
14.9,0.151830360843192,0.419484563009482
14.91,0.187052478981653,0.397029299975026
14.92,0.226901470821371,0.488016844250362
14.93,0.271295012752535,0.539878303109766
14.94,0.320019422477192,0.597302126044583
14.95,0.372716436583067,0.655363784021869
14.96,0.428869263515978,0.633905367295553
14.97,0.487790441072811,0.680540148331082
14.98,0.548615877437942,0.648764198930255
14.99,0.610310300781497,0.687593934463589
15,0.671688624470156,0.795197978419922
15.01,0.731455367112011,0.889680908511333
15.02,0.788260720546313,0.875808260019558
15.03,0.840768054612724,1.07125812880888
15.04,0.887724680602855,0.985431379401018
15.05,0.928026487115875,1.11391968108949
15.06,0.960768052001428,1.18637271273934
15.07,0.985272819984693,1.04395466314276
15.08,1.00110212027845,1.23344352761966
15.09,1.00804603062629,0.987107561213243
15.1,1.0061022246469,1.16941771140991
15.11,0.995450175303692,1.25849200044327
15.12,0.976427227473395,1.1601105621388
15.13,0.949510527376399,1.159065854208
15.14,0.915305505157855,1.00448946953982
15.15,0.874538610265656,1.02892956363047
15.16,0.828050177089975,1.0441216393978
15.17,0.776783084150385,0.795028076013131
15.18,0.721764149991451,0.923468695234587
15.19,0.664077408192788,0.669870941011912
15.2,0.604830720899969,0.680412260110843
15.21,0.545118887224794,0.867347569254413
15.22,0.485987048067738,0.636151061722722
15.23,0.4283977685494,0.52732282964507
15.24,0.373204047851409,0.554559276612493
15.25,0.321129206304095,0.401520255187851
15.26,0.272753627014239,0.419216764867831
15.27,0.228507939270292,0.294462942250369
15.28,0.188672357119854,0.0905633438707999
15.29,0.153382201886911,0.278251237267135
15.3,0.122639726262938,0.165551771469819
15.31,0.0963319250051051,0.131010628196738
15.32,0.0742530471933509,0.15184472693113
15.33,0.0561293186280819,0.237527553104335
15.34,0.0416424559372044,0.135965655401457
15.35,0.0304484284559565,0.165156274705496
15.36,0.0221888954514804,0.136544670713823
15.37,0.016494719539264,0.0853067290518758
15.38,0.0129834231735118,0.123999141783025
15.39,0.0112546302339123,0.0541463265553172
15.4,0.0108886213648393,-0.0384787046513165
15.41,0.0114526110387168,0.0864520687629022
15.42,0.0125172040172538,-0.125917283029609
15.43,0.01368224032493,-0.024830288164235
15.44,0.014607841154796,0.0468146236852531
15.45,0.0150440018061339,0.0357321526236681
15.46,0.014851396637007,0.0113437948320039
15.47,0.0140075020660121,0.119782757605435
15.48,0.0125953931069794,-0.0497241808755874
15.49,0.0107767410414922,-0.178508094286262
15.5,0.00875444569052897,0.0875505677597021
15.51,0.00673285459551825,0.0232514330183954
15.52,0.00488395144811807,0.00566272677828792
15.53,0.00332616776299828,-0.0219679406434025
15.54,0.00211915400882748,-0.130292188748905
15.55,0.00127394712841709,-0.075849497476614
15.56,0.000774603572969929,0.0370051118864999
15.57,0.000605395927408666,-0.00570663569181054
15.58,0.000777461785376939,-0.124005892851467
15.59,0.00135013811126117,0.034482316146535
15.6,0.00244445621869603,0.0471850106507407
15.61,0.00424857094449731,-0.0281366551175924
15.62,0.00701653276447714,-0.0193496081648901
15.63,0.0110624186738066,0.0953025820456418
15.64,0.0167514904484801,0.0164171111586599
15.65,0.0244891726312274,0.0867334010920217
15.66,0.0347078004189396,-0.00766171138005686
15.67,0.0478507315235712,0.124036277964593
15.68,0.0643537024480298,0.0127234301820589
15.69,0.0846240514609572,0.109074978759756
15.7,0.109019201210259,0.0290839315066124
15.71,0.137826135909845,-0.00406106929251697
15.72,0.171243257560092,0.192281270812657
15.73,0.209365036070481,0.33060291272172
15.74,0.252168687549638,0.1603158410631
15.75,0.299501311736976,0.347899623373946
15.76,0.351066012129704,0.259688742490101
15.77,0.406406713236732,0.404561069682647
15.78,0.464893425587153,0.306746919048828
15.79,0.52571191681809,0.465481484922074
15.8,0.587863241876574,0.441232969928972
15.81,0.650178590172564,0.453233340511867
15.82,0.711353065106399,0.671756783245694
15.83,0.76999857022839,0.803567710956176
15.84,0.824711771116422,0.6632424389226
15.85,0.874149321045174,0.701883081685598
15.86,0.917100347603543,0.726595057456064
15.87,0.95254634824638,0.808062983758131
15.88,0.979701202105823,0.922013516357341
15.89,0.99802830565914,0.940980952112925
15.9,1.00723667498371,0.925583026257287
15.91,1.007261862066,0.947896856394106
15.92,0.998239617802482,0.837578364093684
15.93,0.980479929740607,0.84051657206901
15.94,0.954446650802449,0.87989266743712
15.95,0.92074433289894,0.766153426342294
15.96,0.880110311651116,0.668194274394221
15.97,0.833407673506042,0.585313711696581
15.98,0.781614126198115,0.856669733458579
15.99,0.725802992651197,0.446231984802925
16,0.667114967696399,0.523051453610883
16.01,0.606721987907457,0.612271220288792
16.02,0.545786654320242,0.460833048858189
16.03,0.485421537206596,0.31590982859933
16.04,0.426652305731136,0.311934667046391
16.05,0.37038735495062,0.353129982369466
16.06,0.317395095322509,0.169872131823391
16.07,0.268288934292328,0.0574605132828418
16.08,0.223519533294534,0.171792902432088
16.09,0.183374084271413,0.162470924536401
16.1,0.147982710060317,-0.103716323812056
16.11,0.1173321418394,-0.000580922800516533
16.12,0.0912862201428791,-0.076225048515659
16.13,0.0696115247960608,-0.0545276855970336
16.14,0.0520049847569714,-0.0885067217481917
16.15,0.0381193203097467,-0.148511379693847
16.16,0.0275822592717922,-0.124654081626877
16.17,0.020006938376932,-0.266402756962552
16.18,0.0149935134681143,-0.289162256402968
16.19,0.0121250032493334,-0.124215354699383
16.2,0.0109627396396076,-0.17831575866414
16.21,0.0110475378866564,-0.197766730995216
16.22,0.0119113423405844,-0.322543401754739
16.23,0.0131008641836173,-0.234876955760411
16.24,0.0142105175932181,-0.174839769410722
16.25,0.0149181227429729,-0.2303840680658
16.26,0.0150147053503144,-0.186809152163916
16.27,0.0144201296578005,-0.165005085078472
16.28,0.0131793003153405,-0.209888101085595
16.29,0.0114384521470863,-0.168231071852374
16.3,0.00940620158150817,-0.225684790053333
16.31,0.00730799923644157,-0.235533721767985
16.32,0.00534420906196227,-0.234043922122414
16.33,0.00366081495735114,-0.165932078992049
16.34,0.00233817805105548,-0.154282577873382
16.35,0.00139850463261977,-0.0356287766734886
16.36,0.00082820076479153,-0.303218859170553
16.37,0.000608348684112801,-0.282844484547731
16.38,0.000745802226782134,-0.176008944413197
16.39,0.00129875121098637,-0.0973615145525464
16.4,0.00239327699638236,-0.130491294312919
16.41,0.0042303227148711,-0.265501344271629
16.42,0.00708464625962056,-0.280743459547938
16.43,0.0112981768998526,-0.0877690365596565
16.44,0.0172698131835569,-0.0952467485470019
16.45,0.0254426227114503,-0.194459311764274
16.46,0.0362883709944371,-0.0657952428509503
16.47,0.0502889040604824,-0.189517753729738
16.48,0.0679143213594022,-0.237668754783788
16.49,0.0895988257538889,-0.155538484107725
16.5,0.115716048739457,-0.119870144474121
16.51,0.146555941488854,-0.221034774678398
16.52,0.182304716012542,-0.0750388998761976
16.53,0.223028004938528,-0.0548365430461312
16.54,0.268655994042554,0.0628774512473346
16.55,0.318968547490738,0.0307301054069344
16.56,0.373578879823856,0.165804596497738
16.57,0.431916217407796,0.227902953778959
16.58,0.49321059834621,0.223430639758424
16.59,0.5564854602804,0.305100659855837
16.6,0.620564811655941,0.562758986153362
16.61,0.684100755781238,0.559240814849252
16.62,0.745623822051647,0.620974490987178
16.63,0.803613672698286,0.558952002054212
16.64,0.856582670482169,0.539857146473798
16.65,0.903161104023743,0.699122808281798
16.66,0.942171830928295,0.697590237216529
16.67,0.972684179383333,1.00950202022794
16.68,0.994041622492054,0.58949331684804
16.69,1.00586364259434,0.739646405627394
16.7,1.00802757943138,0.876787950206201
16.71,1.00063954682298,0.582922936360647
16.72,0.984003862923941,0.713545954962824
16.73,0.958598002143362,0.735834414241083
16.74,0.925055869932592,0.658240502222992
16.75,0.884157755058686,0.56066393655366
16.76,0.8368221104221,0.578430672748412
16.77,0.784093284080568,0.642950694737614
16.78,0.727120568942123,0.371463996453611
16.79,0.667126774050426,0.533005686530421
16.8,0.605367785047817,0.431713140759448
16.81,0.543087116257612,0.197950060995944
16.82,0.481470524052412,0.115831254479075
16.83,0.421605258047329,0.179460415428916
16.84,0.364446974761561,0.143160308104419
16.85,0.310795540142333,0.162265506516828
16.86,0.261279642882835,0.015659481302704
16.87,0.216349682195974,0.00822002446738716
16.88,0.176278629872695,0.0385619833697319
16.89,0.141170965316202,-0.00508122378261074
16.9,0.110979733123029,-0.0618452175815306
16.91,0.085530923436291,-0.126427623914893
16.92,0.0645528492907362,-0.141757049097696
16.93,0.0477065844547506,-0.0917385556933958
16.94,0.0346126510509777,-0.111689343995213
16.95,0.0248696840376625,-0.213308912214266
16.96,0.018062929209337,-0.184761655598965
16.97,0.013763669854095,-0.0815139737006808
16.98,0.0115239843010242,-0.100094454927323
16.99,0.0108733703127856,-0.2952363972575
17,0.0113237670950274,-0.0993086568918501
17.01,0.0123870865701198,-0.219485251786634
17.02,0.0136051262120028,-0.335772678931022
17.03,0.0145869944097957,-0.103920769185003
17.04,0.0150455484891208,-0.198490122652526
17.05,0.0148231651326759,-0.126451390019446
17.06,0.0138990054903508,-0.0479135573724264
17.07,0.0123743721669538,-0.116439335135493
17.08,0.0104384670773514,-0.231273329906568
17.09,0.00832208318342582,-0.21407609859577
17.1,0.00624988352850317,-0.28246462813383
17.11,0.00440201554608551,-0.269178062038187
17.12,0.00289294485690514,-0.163847802980331
17.13,0.0017705733178595,-0.226095298329232
17.14,0.0010334917675862,-0.148211280370596
17.15,0.000660174320339244,-0.132595136295727
17.16,0.000642094691778505,-0.168033644094756
17.17,0.00101335619144709,-0.226498036155311
17.18,0.00187187808771724,-0.311411823150735
17.19,0.00339035648810981,-0.178681291147156
17.2,0.0058179436835909,-0.266205345871457
17.21,0.0094750678741379,-0.125564528791604
17.22,0.0147438681665325,-0.10783067573707
17.23,0.0220557681604007,-0.134714310455352
17.24,0.0318765128199779,-0.23083797480653
17.25,0.0446882695304242,-0.192968096567905
17.26,0.0609685101819118,-0.153143272015087
17.27,0.0811662185588036,-0.0793598159478286
17.28,0.105676983184675,0.124413398412381
17.29,0.134819102478026,-0.106065520225123
17.3,0.168812526069815,-0.168381757752905
17.31,0.207761311330908,0.0360989657793986
17.32,0.251638787218855,0.0251159783887976
17.33,0.30027355746143,-0.0302273648208514
17.34,0.353334533160916,0.129391640518653
17.35,0.410314630591512,0.229166927995869
17.36,0.47051526217178,0.2338438922721
17.37,0.533036396200241,0.44458780728918
17.38,0.596778626164243,0.526510487548987
17.39,0.660463427281562,0.494448968519828
17.4,0.722675236692758,0.466994384953542
17.41,0.781924627106051,0.695206618313832
17.42,0.83672682074766,0.637013074939928
17.43,0.885685634190598,0.690921481845997
17.44,0.927571016475088,0.814106361802251
17.45,0.961379359804948,0.760895985360303
17.46,0.986369524541839,0.843427975217707
17.47,1.00207295564856,0.824075867806119
17.48,1.00828177808339,0.926415307586942
17.49,1.0050227502516,0.827160677113897
17.5,0.992526362157645,0.817980581340086
17.51,0.971198984798996,0.790335990669656
17.52,0.941602497501895,0.841727473650913
17.53,0.904441544294923,0.9040506401491
17.54,0.860554946845178,0.695048665104283
17.55,0.810905927658491,0.737166885469808
17.56,0.75656608095335,0.616115858613083
17.57,0.698690113460004,0.526891070940318
17.58,0.63848134309632,0.644313315079082
17.59,0.577150688507911,0.453428842259922
17.6,0.515873535021475,0.570644463051224
17.61,0.455749065232519,0.329200195427439
17.62,0.397765614044774,0.382053323271857
17.63,0.342773977919999,0.366688140087144
17.64,0.291469107445453,0.401128771286136
17.65,0.24437975681066,0.119659007685191
17.66,0.201865559203549,0.153101142110652
17.67,0.164121340565914,0.187487014942872
17.68,0.131188749921858,0.0429415769309258
17.69,0.102975006654127,0.105845084788707
17.7,0.0792775891272153,0.00351147882904083
17.71,0.0598122800273289,-0.0687567847750927
17.72,0.0442407395563259,-0.169215607616682
17.73,0.0321933783196722,0.0423078286016714
17.74,0.0232841977803313,-0.0316932459839338
17.75,0.0171164363003583,0.130358875370698
17.76,0.0132807465127473,-0.0967755004842322
17.77,0.0113502970724503,-0.0450283818412698
17.78,0.010878643852013,0.0616139284809367
17.79,0.0114057782225834,-0.0198745628155022
17.8,0.012475366280118,0.0445741622266233
17.81,0.0136624629688896,0.118394142580725
17.82,0.0146070581661706,0.188716917858155
17.83,0.0150459798950475,0.0225772063934081
17.84,0.0148349491546172,-0.0453374371650003
17.85,0.0139543161937265,-0.0624859572253915
17.86,0.0124957884981152,-0.0174462012498105
17.87,0.0106322013088502,-0.00625887193694597
17.88,0.00857668074917936,-0.067627641322015
17.89,0.00654014387009876,0.078480894767342
17.9,0.00469624698724441,0.146162441748122
17.91,0.00316066982056252,-0.00131673294391165
17.92,0.00198776320972593,-0.0468263917835442
17.93,0.00118329202008906,-0.0628964922979554
17.94,0.00072850937034094,0.103584851328359
17.95,0.000608983503593755,0.047779356666493
17.96,0.000841738486169883,-0.103502258928986
17.97,0.00149600544038338,0.0430266133035184
17.98,0.00270540893834371,0.0575395134311827
17.99,0.00467180839810656,-0.00465628485330703
18,0.00766256133557041,-0.0285147094455708
18.01,0.0120033892309876,0.0406373765452158
18.02,0.0180684928150213,0.0300868376455329
18.03,0.0262685964476678,0.0438401455742832
18.04,0.0370367929094502,-0.0723787076150015
18.05,0.0508118228685469,0.116981622690768
18.06,0.0680188315621175,0.225305582553113
18.07,0.089048431220998,0.266208611751513
18.08,0.114235598254105,0.3680784061966
18.09,0.143840118799886,0.256184556635764
18.1,0.178029779330466,0.18819993358581
18.11,0.216866444308044,0.354575480211725
18.12,0.260294034183515,0.448975855752379
18.13,0.308126791066543,0.562894720035545
18.14,0.360036534632978,0.531917837631313
18.15,0.415538953360975,0.639092520283619
18.16,0.473980993486683,0.622300651170425
18.17,0.534533394045194,0.548589707488625
18.18,0.596193545776518,0.646588294666241
18.19,0.657803483341352,0.931092325991752
18.2,0.718085758270999,0.899744709430872
18.21,0.775696552869063,0.850588922908336
18.22,0.829291541150694,0.904097935297932
18.23,0.877596778093105,0.93813128180487
18.24,0.919475289278764,1.06844795093761
18.25,0.953980589166111,1.07395061172322
18.26,0.980390998265093,1.04787076184516
18.27,0.998222658377658,1.24100243902015
18.28,1.00722345331035,1.15714737780806
18.29,1.0073534575172,1.21918499150172
18.3,0.998759180785267,1.12229665986693
18.31,0.981748433864244,1.15239490888959
18.32,0.95677042105509,1.19878101499351
18.33,0.924402488827059,1.14043684559856
18.34,0.885341863450472,1.12523755869826
18.35,0.840398617151648,0.861446716609994
18.36,0.790485536327665,0.974393758320797
18.37,0.736601523417808,0.89350970108858
18.38,0.679807165425571,0.802532097614305
18.39,0.621193393325086,0.753533149209949
18.4,0.561845988555264,0.875523492221149
18.41,0.502809569957706,0.719255035487132
18.42,0.445054511444375,0.617840360892294
18.43,0.389449266897146,0.65124215947552
18.44,0.336739309579458,0.482051194091788
18.45,0.287532832325311,0.489837171265073
18.46,0.242292815291502,0.551446263293858
18.47,0.201335068330327,0.370300483150076
18.48,0.164832142882525,0.298609132460526
18.49,0.132823199293681,0.288765323842875
18.5,0.105229684527513,0.223029407781889
18.51,0.0818759212761799,0.305971645082931
18.52,0.0625126241626258,0.294604645532864
18.53,0.0468403685978798,0.3230982474425
18.54,0.0345296384778154,0.388376015122047
18.55,0.0252346241834258,0.349220523212204
18.56,0.0185994714319734,0.131923576599422
18.57,0.0142578550192267,0.38935405421175
18.58,0.0118289298488063,0.239877629237162
18.59,0.0109141561914269,0.198584532991779
18.6,0.0110996261792647,0.379810101990443
18.61,0.0119671340061321,0.268148815284031
18.62,0.0131146190614413,0.375022316816137
18.63,0.0141834851178103,0.235674619745514
18.64,0.0148875988970233,0.182859318617493
18.65,0.0150373671712759,0.0856611112501407
18.66,0.0145526987375378,0.334001534345451
18.67,0.0134608595082819,0.173068646193183
18.68,0.0118786649163707,0.313552799135285
18.69,0.00998218139992646,0.252805593537378
18.7,0.00797008895809427,0.28021878056406
18.71,0.00602827029188229,0.342990530620979
18.72,0.00430268399383429,0.202240590126517
18.73,0.00288535503823786,0.203812794557493
18.74,0.00181506004154124,0.222165982820832
18.75,0.00109093396332508,0.325806643254578
18.76,0.000694672240414032,0.20354920522475
18.77,0.00061583188324774,0.228316363197538
18.78,0.000875070419554819,0.307180158459547
18.79,0.00154167160550256,0.307251845286961
18.8,0.00274375706022486,0.310663422011775
18.81,0.00467147266764128,0.253489314169854
18.82,0.00757463752709416,0.31414885155845
18.83,0.0117566473203339,0.28082581495268
18.84,0.0175659814614408,0.213708003202155
18.85,0.0253858723616601,0.417034207919948
18.86,0.0356220187001835,0.134361818488516
18.87,0.0486879983298776,0.364546702918454
18.88,0.0649883415311946,0.340926519382064
18.89,0.0848998732294459,0.335667672534689
18.9,0.108752563301457,0.309079415977869
18.91,0.136811374404662,0.365453722607017
18.92,0.169260272019151,0.563396355814221
18.93,0.206188736631122,0.448261515066488
18.94,0.247580127551031,0.466756436373878
18.95,0.293300562117162,0.473021604780661
18.96,0.343087007629702,0.553437742980249
18.97,0.396534208024883,0.639747064331294
18.98,0.453081704121219,0.594331667070295
18.99,0.512004045776181,0.853151332300928
19,0.572408646946254,0.829782287181016
19.01,0.633245965564688,0.999763459486991
19.02,0.693335457846403,1.02160683469938
19.03,0.751408169339635,1.11326873100494
19.04,0.806163452991931,0.947626844458019
19.05,0.856334034201709,1.15061407965828
19.06,0.900751414379155,1.11924984357024
19.07,0.938403115148972,1.18158253769415
19.08,0.968474737296056,1.16688046920571
19.09,0.990372901251559,1.25333442806562
19.1,1.00372903495047,1.2563150022069
19.11,1.00838763304588,1.08319177831561
19.12,1.004385065026,1.3162201642947
19.13,0.991925668234656,1.24711748702779
19.14,0.971360677439435,1.13560939967677
19.15,0.943173006619508,1.09616599454879
19.16,0.907967868153835,1.09291898428457
19.17,0.866466630734595,0.978964146526424
19.18,0.819499909690226,1.06868140464631
19.19,0.767995957640656,1.12527007787255
19.2,0.712961798346106,0.964360022622913
19.21,0.655456654066933,0.932432736666319
19.22,0.596559321652693,0.711497664196112
19.23,0.537332611405882,0.646537907831983
19.24,0.478788428874154,0.638117266619981
19.25,0.421856587102405,0.709243622536474
19.26,0.367359340598855,0.524914700805841
19.27,0.315992436816379,0.587566288566568
19.28,0.268312627473611,0.476226699021853
19.29,0.224731278173921,0.479318260704331
19.3,0.185513871400993,0.324722617945155
19.31,0.150785494266161,0.295603238423707
19.32,0.120542449626755,0.33130328923674
19.33,0.0946696645785106,0.295381221390947
19.34,0.0729625995810052,0.145545817318031
19.35,0.055151188262013,0.312031552804366
19.36,0.0409224618877555,0.097051491625855
19.37,0.0299384302670138,0.206974965800421
19.38,0.0218467755545495,0.234622844767693
19.39,0.0162838625215981,0.166560170714132
19.4,0.0128719768231089,0.105032285793818
19.41,0.0112148081600846,0.18176840301924
19.42,0.0108962242013785,0.202475382876341
19.43,0.0114868324061005,0.135888558859879
19.44,0.0125606831400479,0.100186450550923
19.45,0.0137212521131937,0.112197816406461
19.46,0.0146324875470268,0.16420102693832
19.47,0.0150482801986989,0.168451673023288
19.48,0.0148330576357454,0.315735168945266
19.49,0.0139676540871581,0.0961504143252012
19.5,0.0125378557924801,0.225725623153366
19.51,0.0107071905940876,0.157629246977829
19.52,0.00867943443120532,0.194017130719492
19.53,0.00665882378978874,0.129036088231018
19.54,0.00481638446825094,0.242028321260108
19.55,0.00326903863420811,0.037496838143157
19.56,0.00207480340786202,0.182317872891117
19.57,0.00124346083130203,0.168684010139681
19.58,0.000758686881446471,0.247974677460254
19.59,0.000605653407661287,0.142756518988237
19.6,0.000797930881052113,0.197964598955649
19.61,0.00139890719573277,0.188109220432675
19.62,0.00253522517937505,0.102792875450345
19.63,0.00440206857697248,0.146953746120979
19.64,0.00726175988414661,0.143038272925505
19.65,0.0114377090147209,0.244657751145345
19.66,0.0173053585645786,0.177252846818742
19.67,0.0252808589635738,0.186470018552293
19.68,0.035807360157432,0.35834127109538
19.69,0.0493384851971856,0.214767143258955
19.7,0.0663188988174375,0.224495960306825
19.71,0.0871626840053827,0.255904953019146
19.72,0.112231031353749,0.359287038299675
19.73,0.141811052038347,0.338924170323934
19.74,0.176097089096111,0.32032449820186
19.75,0.215174834191816,0.280387184623888
19.76,0.25900732202572,0.398574353596389
19.77,0.307421110143491,0.426637739240504
19.78,0.360091194108807,0.317956272536489
19.79,0.416524626765174,0.39486296184949
19.8,0.476045072296362,0.430948277860833
19.81,0.53778285313191,0.746212084628378
19.82,0.600676468246016,0.742207539406303
19.83,0.663491268112918,0.564297287049893
19.84,0.724858659891796,0.847825071436855
19.85,0.783335265570358,0.870790783475834
19.86,0.837476872313035,0.896054343395775
19.87,0.885918139510627,0.902148916763481
19.88,0.92744710063321,0.898417370837494
19.89,0.96106422734258,1.09925266103613
19.9,0.986019115182202,1.00571521717058
19.91,1.00182280761499,1.05375239588162
19.92,1.00823897070262,1.11434435114077
19.93,1.00526106650854,1.10385707363749
19.94,0.993084270533696,1.01403365204522
19.95,0.972079824373261,0.97786942252893
19.96,0.942776345812034,1.00917757574637
19.97,0.905848512886225,0.853829452370094
19.98,0.862109894821657,0.925434225597642
19.99,0.81250466001566,0.861799002998306
20,0.758092960348382,0.81013087554201
20.01,0.700026727614501,0.706354185940334
20.02,0.639515569830051,0.526662348491765
20.03,0.577785318976352,0.438934015196344
20.04,0.516033622330894,0.430929358522909
20.05,0.455387343095135,0.499446629665027
20.06,0.396865597504913,0.396030564757181
20.07,0.341350622431535,0.290511155067406
20.08,0.289567109282193,0.231442729651353
20.09,0.24206973176453,0.28717295746502
20.1,0.199238481813887,0.0678933571200279
20.11,0.161281798216292,0.215202831517363
20.12,0.128247746753915,0.154804244548724
20.13,0.100043157875314,0.0175986650101235
20.14,0.0764594647296223,0.0523502841394596
20.15,0.0572023186858904,0.108914247295893
20.16,0.041920601348475,0.126814749100449
20.17,0.0302300186517556,0.122730047825969
20.18,0.0217275939616195,0.0213619120095893
20.19,0.0159960295624517,-0.0346406035767822
20.2,0.0126003666550598,0.0121398423864849
20.21,0.0110824570406877,-0.0498807904563048
20.22,0.0109602281463405,-0.112994594946046
20.23,0.0117377832660901,0.0321501285843047
20.24,0.0129290497453313,0.0179934113004182
20.25,0.0140928852289141,0.0610852880678616
20.26,0.0148728316380975,0.090940417851207
20.27,0.0150317400980527,0.0721648985182752
20.28,0.0144714611216306,0.0136545031590196
20.29,0.0132309388674688,-0.0569821335188794
20.3,0.0114615214573338,-0.0664595291335732
20.31,0.00938443173382156,-0.0975711563849231
20.32,0.00724020212146372,-0.132465285944218
20.33,0.00524193426229753,-0.106465365243906
20.34,0.00354289912388176,-0.0311138709492234
20.35,0.00222476865242145,-0.0540127477606418
20.36,0.00130710037864288,-0.185388382313683
20.37,0.000773399720871463,0.00314451689408832
20.38,0.000605717186323881,0.00724386542869164
20.39,0.00081907437400859,0.0196339445826666
20.4,0.00148884333446004,-0.199388263494767
20.41,0.00276750450746793,-0.13641490571902
20.42,0.00489060311949719,-0.137122978940681
20.43,0.0081740394639508,-0.140264049927793
20.44,0.0130055185580568,-0.147591642655493
20.45,0.0198322612230785,-0.143444089930783
20.46,0.029145717331634,-0.17000609432621
20.47,0.0414629451225544,-0.128078530096249
20.48,0.0573041513006295,-0.096758989409417
20.49,0.0771666737577576,-0.0378018146431194
20.5,0.101496919366615,0.016552506166124
20.51,0.130662657458454,0.0709868474655317
20.52,0.164927981247642,-0.0383270037923876
20.53,0.204432061875428,0.0657892277156735
20.54,0.24917103932936,0.291150306218352
20.55,0.298980963515819,0.114352371486654
20.56,0.353519562966944,0.262300583828374
20.57,0.41224624272999,0.203179869696827
20.58,0.474402766995454,0.403717322454115
20.59,0.539000460430108,0.424040484060574
20.6,0.604821959907191,0.370107831143165
20.61,0.670445262293438,0.588577937426158
20.62,0.734294530100252,0.657877034218643
20.63,0.794716430690828,0.69630176671772
20.64,0.850074298778954,0.457059487124829
20.65,0.898847218586779,0.736287776122474
20.66,0.939719053173018,0.88478034756879
20.67,0.97164437654064,0.778979677744094
20.68,0.993883732382834,0.759876857166179
20.69,1.00600798224152,0.809947928092633
20.7,1.00787840566724,0.63119266683561
20.71,0.999613543409602,0.720216622662878
20.72,0.981554330650159,0.783986159947681
20.73,0.954235983959569,0.828256234973783
20.74,0.918369753199149,0.740351417359831
20.75,0.874832084244386,0.729008521097334
20.76,0.824654920379471,0.542849180096217
20.77,0.769009958099455,0.686565620776442
20.78,0.70918166328564,0.601083910720179
20.79,0.646527687158647,0.490578962494027
20.8,0.582429388106308,0.361315680448068
20.81,0.518237981417776,0.377973601707133
20.82,0.455222610055432,0.194552718462174
20.83,0.394525479830612,0.111373544099104
20.84,0.33712699555164,-0.0558467041098527
20.85,0.283821696711247,0.0828464914671529
20.86,0.235204563312543,-0.167953057644635
20.87,0.191667136612107,-0.0300917891709541
20.88,0.153403395159603,-0.032726718853134
20.89,0.120425605052487,-0.03942844394756
20.9,0.0925897225252392,-0.0502251117666677
20.91,0.0696282299602745,-0.107208589510604
20.92,0.0511861104877506,-0.245091944634969
20.93,0.0368540845538341,-0.12080846710806
20.94,0.0261933118556653,-0.19903408047062
20.95,0.0187480061771124,-0.362037150781062
20.96,0.0140464014732966,-0.22789546476639
20.97,0.0115949456776148,-0.365201029161014
20.98,0.0108737526922737,-0.30871995907588
20.99,0.0113417464545629,-0.274665553856699
21,0.0124570406401392,-0.272056240427046
21.01,0.0137126242127191,-0.150741390158309
21.02,0.0146811688810392,-0.230171657448335
21.03,0.0150580116562387,-0.300493788663322
21.04,0.0146899834872648,-0.27751816297823
21.05,0.0135805108080108,-0.274807212092582
21.06,0.0118675950797456,-0.216268579654214
21.07,0.00977890294718065,-0.191020087567672
21.08,0.0075747466091939,-0.270798441594333
21.09,0.00549303302975399,-0.267050992647475
21.1,0.00370928903583854,-0.200868332372167
21.11,0.00232009386190399,-0.313845311463767
21.12,0.00135140849849646,-0.25865988221725
21.13,0.000786706080093903,-0.258276251346844
21.14,0.000605520198517748,-0.308713648847785
21.15,0.000822084348812307,-0.300465524570744
21.16,0.00151590093343954,-0.271933886912492
21.17,0.00285006272954724,-0.316867725502259
21.18,0.00507722210550535,-0.251972614102004
21.19,0.00853581625817942,-0.343174930660208
21.2,0.0136398808349322,-0.206109793046434
21.21,0.0208648437620167,-0.26658560493414
21.22,0.0307300776386419,-0.155335079936254
21.23,0.0437778121612628,-0.172118976470788
21.24,0.0605479469953126,-0.230394721246245
21.25,0.0815493135316969,-0.196148536430634
21.26,0.107229319232208,-0.0937926195101749
21.27,0.137944738239565,-0.0528205014001919
21.28,0.173936037137022,-0.0373109975697482
21.29,0.215306063338034,-0.00754847898754858
21.3,0.26200191270418,-0.129302973606955
21.31,0.313797468302603,0.0749071486008865
21.32,0.370274442973597,0.00877770512453847
21.33,0.430802052295476,0.189308012047392
21.34,0.494519030662087,0.194579203568149
21.35,0.560325137180098,0.305362317409201
21.36,0.62689090003861,0.286559628215039
21.37,0.692692918630967,0.434264707556696
21.38,0.75607744591009,0.63304502252001
21.39,0.815348323289494,0.717512369009858
21.4,0.868868685724864,0.426713454849432
21.41,0.91516146094377,0.540583198573843
21.42,0.952993187058905,0.597970126700481
21.43,0.981429422365993,0.638895019940986
21.44,0.999856919777866,0.926724207016874
21.45,1.0079755999239,0.850773359650708
21.46,1.00576969058754,0.759616758454032
21.47,0.993470303460978,0.835714479728337
21.48,0.971520540456257,0.91730270151128
21.49,0.940549742332681,0.757587965511166
21.5,0.901357571962687,0.810712866821638
21.51,0.854903464009242,0.531701514006455
21.52,0.802294292262343,0.485876675445528
21.53,0.744763558219122,0.601501714890311
21.54,0.683638436143607,0.527698534571011
21.55,0.620295193484818,0.464083859536215
21.56,0.556107179216911,0.370653371611625
21.57,0.492391507280919,0.231936317397728
21.58,0.430360385706737,0.285152765876156
21.59,0.371081266712838,0.29935339083608
21.6,0.315447670663141,0.196808067167478
21.61,0.264160718771518,-0.0624611017418603
21.62,0.217720667267149,0.041294950762779
21.63,0.176427950688331,-0.035186425084495
21.64,0.140393745634351,-0.0634019391072803
21.65,0.10956004846221,-0.113914410933066
21.66,0.0837282410023602,-0.224491796147953
21.67,0.0625932527722023,-0.115912316476666
21.68,0.0457784932976121,-0.0490941934626678
21.69,0.0328657843157205,-0.0371838391628661
21.7,0.0234153968358243,-0.137090411602994
21.71,0.0169741294213731,-0.238719030199825
21.72,0.0130734158368505,-0.228205699657107
21.73,0.0112233136140581,-0.230141740175113
21.74,0.0109103413098087,-0.131048087729564
21.75,0.0116064341944687,-0.195220655737756
21.76,0.0127926947803859,0.0594602842088722
21.77,0.0139961599737085,-0.190805039017537
21.78,0.0148323282162271,-0.154291308472143
21.79,0.0150426794110687,-0.180070573097466
21.8,0.014516279951528,-0.213022654577438
21.81,0.0132880587745467,-0.0925711339515826
21.82,0.0115124578181241,-0.201855883521105
21.83,0.0094179540484498,-0.159019884740185
21.84,0.00725322171363601,-0.181357404380203
21.85,0.00523777997960379,-0.384501378134796
21.86,0.00352828196331595,-0.105228224230324
21.87,0.00220684205907127,-0.143342370960202
21.88,0.00129163400549532,-0.222462067797616
21.89,0.000764424220861836,-0.042945394461285
21.9,0.000606355949415799,-0.250433061055108
21.91,0.000832882328698467,-0.288631800040031
21.92,0.00152090605126088,-0.197854728261063
21.93,0.00282474684056082,-0.233509666559995
21.94,0.00498106297950397,-0.070570779919097
21.95,0.00830512985206553,-0.120655744199818
21.96,0.0131814529938072,-0.149347431930096
21.97,0.0200508671476875,-0.109186788681066
21.98,0.029394876702406,-0.1737102150226
21.99,0.0417169442399168,-0.0677774523476467
22,0.0575203054193675,-0.0482721105970727
22.01,0.0772826729150623,-0.0464406986974919
22.02,0.101429356905191,-0.013725172931906
22.03,0.130307120867336,-0.070196952817968
22.04,0.16416093964658,0.130230931405975
22.05,0.203114661490981,-0.0213758589310036
22.06,0.247154900742545,0.322957055401297
22.07,0.296116174983159,0.326727543976872
22.08,0.349665187541029,0.2951076343733
22.09,0.407283624932132,0.206181705890554
22.1,0.468251563290379,0.41261869469442
22.11,0.531636569959967,0.312092785186293
22.12,0.596295538641871,0.491461793414296
22.13,0.660896097875141,0.644187546193465
22.14,0.723961653400805,0.714520223473662
22.15,0.783939267987168,0.713183066553878
22.16,0.839283985598416,0.750147509406018
22.17,0.888548615862161,0.842873198212275
22.18,0.930465955020616,0.739700071819701
22.19,0.964011713637943,0.873838488525068
22.2,0.988440765063297,1.07672864569105
22.21,1.00329544370719,0.810904142514087
22.22,1.00839066392251,1.08875738662257
22.23,1.00378481536384,0.999461784944007
22.24,0.989746596042102,0.91773919752236
22.25,0.966726061765204,1.10597140052504
22.26,0.93533409608655,0.8957695631115
22.27,0.896329777380518,1.01493363445151
22.28,0.850611355233245,0.823098243182525
22.29,0.799204881777902,0.817415751546581
22.3,0.743245279977029,0.674673343382254
22.31,0.683947219937655,0.590500022780699
22.32,0.622566494933277,0.44679951212124
22.33,0.560355414229859,0.498307266284412
22.34,0.498517185770735,0.547858820992033
22.35,0.438164103235984,0.344613758194919
22.36,0.380282967872674,0.285605621883813
22.37,0.325709343160559,0.29213229104176
22.38,0.275110750152816,0.292832315764794
22.39,0.228978226137963,0.19785547676551
22.4,0.187625760105749,0.296513355956096
22.41,0.151197535448299,0.189956887046055
22.42,0.119683045995592,0.135596063233308
22.43,0.0929395722573151,0.0269707632900045
22.44,0.0707201980287303,0.0215492698845284
22.45,0.0527039707667741,0.118686160499763
22.46,0.0385237126368759,0.0444791848763313
22.47,0.0277870830263005,0.152247821072996
22.48,0.0200880995684417,-0.0712234574199828
22.49,0.0150091665904882,0.0846172517103668
22.5,0.0121168903177513,0.0163375089626921
22.51,0.010957434984732,0.177612062172095
22.52,0.0110578752334194,0.0981993123559575
22.53,0.0119384484976338,-0.0137326113264987
22.54,0.013137102893142,-0.0318068698921018
22.55,0.0142433020596837,0.0956621058805903
22.56,0.0149341335533195,0.0567609969432212
22.57,0.0150037407220555,0.0780108860686557
22.58,0.0143777659600855,0.0741449193276113
22.59,0.0131077962215751,0.141832455634413
22.6,0.0113458078282612,0.0049660550457437
22.61,0.00930381106665064,0.36985176485426
22.62,0.00720771504516426,0.116861696816098
22.63,0.00525573761542978,0.0517092085591869
22.64,0.00359015436563952,0.0845904467686538
22.65,0.00228738787347935,0.141441105619647
22.66,0.00136662452738254,0.15106671743216
22.67,0.000812779417356544,-0.0390457364109
22.68,0.00060691160771225,-0.059409611476825
22.69,0.000756686207924628,0.10196274411484
22.7,0.00132098663492613,0.179767322523777
22.71,0.00242548713756345,0.130309161412748
22.72,0.00426882602880315,0.203955631586657
22.73,0.00712104514704432,0.160058754856112
22.74,0.0113167119672808,0.167941528858753
22.75,0.0172447158687945,0.27834828847671
22.76,0.0253356724281477,0.070022665286732
22.77,0.0360468816892062,0.105345827164392
22.78,0.0498444085289863,0.216440050850868
22.79,0.0671822403564001,0.225907750516219
22.8,0.0884793610006776,0.0547760521027744
22.81,0.114096423095422,0.301228143730841
22.82,0.144313973964641,0.188040743448957
22.83,0.179313638187931,0.230969727515524
22.84,0.219162453195517,0.509784465399344
22.85,0.26379923936781,0.511804983092386
22.86,0.313021162178532,0.411039896339376
22.87,0.36646904710492,0.660338870427228
22.88,0.423611638839542,0.544405584646826
22.89,0.483731408879092,0.731795541898439
22.9,0.545916827994251,0.824397382921977
22.91,0.60906721824543,0.886429255483553
22.92,0.671915625764988,0.945675936418919
22.93,0.733072436941038,0.885946411810486
22.94,0.791088240431306,0.925649440477031
22.95,0.844529852001933,1.12554932527539
22.96,0.892059847248838,1.06939799560164
22.97,0.932508550262636,1.06332532792697
22.98,0.964928741854741,1.0706410309751
22.99,0.988627087072403,1.28272974984868
23,1.00317139027958,1.25602082645418
23.01,1.00837779494817,1.32114291945596
23.02,1.00428553576585,1.15127078474079
23.03,0.991127914580192,1.21056984271347
23.04,0.969306690600717,1.08313071522942
23.05,0.939373727973048,1.14905770334732
23.06,0.902019746351329,1.03911128559276
23.07,0.858066696394925,1.09592941625281
23.08,0.808458620964798,1.01412101770093
23.09,0.754246215736637,1.08045074914856
23.1,0.696562321848231,0.934339589910557
23.11,0.636588405342541,0.818471599900584
23.12,0.575514676854951,0.652258720528552
23.13,0.514498067375429,0.695955526865693
23.14,0.45462246741025,0.62709716711595
23.15,0.396864661904967,0.70969651011915
23.16,0.342067844815503,0.601249627992243
23.17,0.290923169218753,0.468043249047855
23.18,0.243958976165883,0.48784579873723
23.19,0.201537254013795,0.439388622996789
23.2,0.163857220744323,0.418745518168442
23.21,0.13096618370842,0.337086140186196
23.22,0.102777552916123,0.428832450677417
23.23,0.0790949034750155,0.4164043340331
23.24,0.0596395531381638,0.19979603800906
23.25,0.0440778351376931,0.35876188557915
23.26,0.0320437951612929,0.208435309026687
23.27,0.023153899269636,0.278166199036401
23.28,0.0170125121007472,0.335417295481061
23.29,0.0132098473987435,0.29209121245634
23.3,0.0113168530633386,0.250966210336259
23.31,0.0108830344342991,0.259827990774267
23.32,0.0114428157619989,0.433636222211509
23.33,0.0125335852058727,0.37043807192756
23.34,0.0137246822279617,0.258321312108353
23.35,0.0146524528644296,0.23349683336596
23.36,0.0150534913166896,0.407592215723022
23.37,0.0147873978033692,0.267836262167733
23.38,0.0138422297309797,0.292523716740165
23.39,0.0123198744699113,0.364085516258202
23.4,0.0104036635312836,0.208866357374804
23.41,0.00831515520001714,0.221461371469724
23.42,0.00626975049620344,0.224100095177931
23.43,0.00444088397658505,0.266912715663499
23.44,0.00293999785318631,0.0586997922897708
23.45,0.0018152204151778,0.217717917661319
23.46,0.00106697699657711,0.307223009869613
23.47,0.00067504216127767,0.275376320227278
23.48,0.000629751140341952,0.278566204851207
23.49,0.000960479256926318,0.123977307145328
23.5,0.00175660051900778,0.269077451834211
23.51,0.00317899440757399,0.243983416100052
23.52,0.00546272809724977,0.257011712066711
23.53,0.00891303409259483,0.33014796093862
23.54,0.0138968966289267,0.379397373956509
23.55,0.0208317675614024,0.250117380989043
23.56,0.030171813024314,0.231568868882423
23.57,0.042391327849011,0.271465879594917
23.58,0.0579649457362439,0.368459543844694
23.59,0.0773449783669886,0.316007338564256
23.6,0.100937201641848,0.315236635925384
23.61,0.129077073279731,0.372098170479317
23.62,0.162008255670589,0.517001510819055
23.63,0.199864360512353,0.372304385474707
23.64,0.242653415303871,0.46325172331622
23.65,0.290243380492409,0.450560139096187
23.66,0.342346835613495,0.765501579345476
23.67,0.398504086956113,0.603941893993609
23.68,0.458066247288287,0.773014442690727
23.69,0.520182542751913,0.764814527990009
23.7,0.583798114482422,0.810456361843619
23.71,0.647668868914152,0.858469987477032
23.72,0.710397948621059,0.884834870641867
23.73,0.770494371270444,1.11549831544985
23.74,0.826449319516589,1.11310738496796
23.75,0.87682094919915,1.11475559132541
23.76,0.920315903625027,1.06698260663099
23.77,0.955855938697852,1.14997340929367
23.78,0.982621250265671,1.29062563990607
23.79,1.000067375289,1.15094521919059
23.8,1.00791835821877,1.19124563039741
23.81,1.00614351418795,1.29646848262943
23.82,0.994927271251409,1.25165841310153
23.83,0.974640764169883,1.15136542789347
23.84,0.945820583653236,1.30122366078583
23.85,0.909155623780545,1.03551004016922
23.86,0.865478880692663,1.19872840704064
23.87,0.815758649102724,1.09922532861222
23.88,0.761083465786614,0.809906442586527
23.89,0.702637139074922,0.9431334210972
23.9,0.641663364039649,0.918841805605515
23.91,0.579422538477585,0.727357157727062
23.92,0.51714542227308,0.725693464718808
23.93,0.455988718656763,0.533600888059255
23.94,0.396996659366034,0.529937514585161
23.95,0.341070918236027,0.555571815942351
23.96,0.28894949862136,0.512178540965037
23.97,0.241194263440821,0.434771310348073
23.98,0.198186655520041,0.33359999845134
23.99,0.160131548680757,0.40286472225745
24,0.127069452406724,0.426320510757537
24.01,0.0988969041362879,0.241666655346464
24.02,0.0753936460061912,0.268500272963692
24.03,0.0562534459692083,0.200066848028738
24.04,0.041113951387345,0.218619384079955
24.05,0.0295806099770617,0.224061069561028
24.06,0.0212409911415978,0.192297733236615
24.07,0.0156686903447239,0.164090409108429
24.08,0.0124196021775087,0.149063077889389
24.09,0.0110264415336666,0.18559827443743
24.1,0.0109987106045011,0.164263112482439
24.11,0.0118340974115083,0.135041752531647
24.12,0.0130436669805592,0.207405777001761
24.13,0.0141882070728475,0.208037802426842
24.14,0.0149183671375944,0.187436010687909
24.15,0.0150084781831683,0.083137757902229
24.16,0.0143742838606132,0.200074669571406
24.17,0.01306835551377,0.197894265643509
24.18,0.0112527131074296,0.136592031529063
24.19,0.00915435176298331,0.198635256694907
24.2,0.00701402329315794,0.250525842405164
24.21,0.00504028548388246,0.170773582689073
24.22,0.00337904881815775,0.20121578211595
24.23,0.00210429706627897,0.238431414591509
24.24,0.00122987797009636,0.264729540432606
24.25,0.000737094485484736,0.0901098940014084
24.26,0.000609764935516593,0.0928322401219692
24.27,0.000868111393252233,0.0963980409394945
24.28,0.00159493823140101,0.208495413745991
24.29,0.00295096872483468,0.165250967521514
24.3,0.00517953239285923,0.194490524953062
24.31,0.00860292894362116,0.14230989233263
24.32,0.0136132889779989,0.097013245386371
24.33,0.0206599071832117,0.00750789930198115
24.34,0.0302336553957599,-0.00595481650570556
24.35,0.0428480907020776,0.300753827217885
24.36,0.0590168148202782,0.153147616920488
24.37,0.0792274916125789,0.214487068678467
24.38,0.103914136450275,0.246846073358111
24.39,0.133430080079766,0.333262144131167
24.4,0.168023803056961,0.299565516447829
24.41,0.207818582203598,0.287514820968907
24.42,0.252795139385483,0.386519365704889
24.43,0.302775170659823,0.401547004700051
24.44,0.357403647034698,0.374778629504015
24.45,0.41612949709733,0.557143112240608
24.46,0.478187309844269,0.552331470884424
24.47,0.542585915606699,0.597441235255058
24.48,0.608111664561199,0.588715877902941
24.49,0.673353726575986,0.816083415660658
24.5,0.73675537575067,0.753062079826946
24.51,0.79668965290066,0.832848465090026
24.52,0.851551601530368,0.890008523892481
24.53,0.899854442195205,0.932576097313097
24.54,0.94031528096557,1.01862820343994
24.55,0.971917992899687,1.07450506662738
24.56,0.993946275129903,1.06387643932937
24.57,1.00598690149077,0.91185431908479
24.58,1.00790974274011,0.835280788139104
24.59,0.999835157287439,0.987307210190741
24.6,0.982099814812476,0.980822238396152
24.61,0.955229047919327,0.953075847365551
24.62,0.919918738322341,0.814819463048452
24.63,0.87702446295984,0.825538481843232
24.64,0.827551982691918,0.681429614840836
24.65,0.772642236693841,0.979712308307517
24.66,0.713545818262189,0.749771172709954
24.67,0.651585482134098,0.640136490941022
24.68,0.588109079412383,0.422489971155447
24.69,0.524438042492672,0.4852389001848
24.7,0.461817377918069,0.506150276213652
24.71,0.401372140474005,0.438885001398826
24.72,0.344073323591944,0.352221751070322
24.73,0.290714048182952,0.371908359718787
24.74,0.241895677414381,0.061975798568866
24.75,0.198023267429399,0.071374183752456
24.76,0.159310198300825,0.115912977553471
24.77,0.125792164793434,0.0924698236929772
24.78,0.0973502622089509,0.00609487548979616
24.79,0.0737414699995077,0.117523422322471
24.8,0.0546328492624994,-0.164195506188595
24.81,0.0396341555497042,-0.100295774370602
24.82,0.0283233247328445,0.0944985871209733
24.83,0.0202609863102447,0.0261695320332458
24.84,0.014993578355359,-0.175231073948806
24.85,0.0120487451359237,0.00580719684751593
24.86,0.0109299724954731,-0.0352506801752104
24.87,0.0111184410596287,-0.174068335283237
24.88,0.0120881456935512,-0.0411311752960314
24.89,0.0133358105279899,-0.000466739331050752
24.9,0.0144214276316451,-0.153669028584966
24.91,0.0150103466335372,-0.0351219474114393
24.92,0.0149055855788987,-0.178865126939068
24.93,0.0140604219228806,-0.0416613185101166
24.94,0.0125661056705887,-0.167346231916929
24.95,0.0106162575811543,-0.123862140881648
24.96,0.00845601045345981,-0.182431388287081
24.97,0.00632811583094676,-0.0485163222396565
24.98,0.00442876968598085,-0.120873076269607
24.99,0.00288275187860179,-0.0740460993280169
25,0.00174179428373761,-0.0687276535771685
25.01,0.00100382282006833,-0.122237013563407
25.02,0.000645834753601106,-0.132529901013825
25.03,0.000661001135381139,-0.096191106440302
25.04,0.00109139412588892,-0.0835943420385835
25.05,0.00205075571064326,-0.134021184308099
25.06,0.00373553208251461,-0.100387916786331
25.07,0.00642554585679147,-0.0700077916293993
25.08,0.0104772362730544,-0.0784678372049179
25.09,0.0163122443534889,-0.0250687230961954
25.1,0.024402868653117,-0.275838004352397
25.11,0.0352545401549233,-0.0888577621629496
25.12,0.049384802903968,-0.0926712614190252
25.13,0.0672986658373227,-0.151156428656286
25.14,0.0894613098571282,-0.13058430354738
25.15,0.116270262006472,-0.00424261212261205
25.16,0.148029528878238,-0.0454701007852718
25.17,0.184927445263891,-0.0035390184895824
25.18,0.22701838743292,0.0974023864759455
25.19,0.274206810319476,0.192955590763213
25.2,0.326231271577871,0.316387049679775
25.21,0.382646894052955,0.266598065096002
25.22,0.442807109318122,0.422914237275324
25.23,0.505848749562233,0.425145546418319
25.24,0.570687291244043,0.412590724816575
25.25,0.636029931375443,0.469267555143564
25.26,0.700412356718692,0.665523051354184
25.27,0.762260652882079,0.489625741494698
25.28,0.81997390960966,0.631327477577511
25.29,0.872017504307907,0.691440993313713
25.3,0.917013642087689,0.531718271531249
25.31,0.953815735701082,0.725491909028712
25.32,0.981556770779902,0.807050599623881
25.33,0.999667891678227,0.569106910320181
25.34,1.00787019566458,0.83108109061451
25.35,1.00614808152718,0.775156612990166
25.36,0.994714924454089,0.820086792396838
25.37,0.973980834405696,0.819493816435506
25.38,0.944528453352731,0.84472592480242
25.39,0.90709768457623,0.556779664440183
25.4,0.862575740663073,0.648695939715412
25.41,0.811986397672539,0.542442830811096
25.42,0.756472461305742,0.538324253709782
25.43,0.697267819465064,0.464774241406411
25.44,0.635658962965639,0.317861432536729
25.45,0.572939133973477,0.203147248197437
25.46,0.510360219618941,0.453261272809185
25.47,0.449087706125945,0.114976818007293
25.48,0.390162734813323,0.182615234946905
25.49,0.334473350151185,0.0148681348286724
25.5,0.282735298836255,0.171155563142951
25.51,0.235481824658567,-0.13935950239152
25.52,0.193061874759308,-0.112696773120609
25.53,0.155646560430976,-0.177717818540252
25.54,0.123243940802808,-0.109697757417591
25.55,0.09572169874244,-0.181586207040418
25.56,0.0728359684987873,0.0245647168247094
25.57,0.0542628910786295,-0.186151705263926
25.58,0.0396282094094927,-0.0948417366303847
25.59,0.0285301648060134,-0.147705894971625
25.6,0.0205525222837583,-0.167343266831607
25.61,0.0152674950155559,-0.187015116090971
25.62,0.0122317826219465,-0.21017359562176
25.63,0.0109816572063437,-0.291104499802058
25.64,0.0110339059309707,-0.26209185174979
25.65,0.0118979157124323,-0.196881946441778
25.66,0.0131005466802234,-0.431833217232765
25.67,0.0142207703879875,-0.381603463664294
25.68,0.0149268897795912,-0.266577173749264
25.69,0.0150069807906868,-0.382566593921839
25.7,0.0143838682098304,-0.225206022804934
25.71,0.0131094082594007,-0.198291548333832
25.72,0.0113381004157001,-0.167181423705511
25.73,0.00928548722729499,-0.151149744538042
25.74,0.00718075255140266,-0.197184541390365
25.75,0.00522421791363338,-0.200948866703102
25.76,0.00355875870166531,-0.22720258824142
25.77,0.00226015469540883,-0.245003858162703
25.78,0.00134637942752508,-0.313294076344171
25.79,0.000801358105290051,-0.0709317653104762
25.8,0.000606013715146863,-0.312642419533178
25.81,0.0007690183732066,-0.113150096871524
25.82,0.00135131757843657,-0.173043599452259
25.83,0.00248132370918949,-0.0839636507334687
25.84,0.00436056410906074,-0.186089937197414
25.85,0.00726158265522495,-0.274971284596473
25.86,0.0115205883961578,-0.261520930694597
25.87,0.0175268595867204,-0.33915881940381
25.88,0.0257098227875281,-0.13862676210986
25.89,0.036523747539751,-0.206607462205423
25.9,0.0504296529036789,-0.200448595481825
25.91,0.067874438672372,-0.171623506848652
25.92,0.0892681379303186,-0.20639398309984
25.93,0.114960996383666,-0.163169858024753
25.94,0.145222304181351,-0.0361404712858284
25.95,0.180222314498061,0.0424030845741062
25.96,0.220017375119779,-0.0171577103002019
25.97,0.264537125497449,0.0432286318949529
25.98,0.313571947412951,0.0921624275150747
25.99,0.366759296667157,0.142856592631738
26,0.4235691477296,0.166255489271669
26.01,0.483291095025063,0.292175470784711
26.02,0.54502781943432,0.365731753948921
26.03,0.60770069494076,0.389505421409254
26.04,0.670072593893394,0.480870613071125
26.05,0.730790326603365,0.453171951800394
26.06,0.788445164137554,0.573059845451501
26.07,0.841645616876205,0.661900686367564
26.08,0.889093349334038,0.652457265164637
26.09,0.929651855710876,0.693104395677627
26.1,0.962398769584996,0.70005638525276
26.11,0.986656148626384,0.808911901110166
26.12,1.00199779801511,0.80034231113985
26.13,1.00823733915016,1.00156742465591
26.14,1.00540401208514,0.775854003202493
26.15,0.993714295974248,0.785542661401351
26.16,0.973546215800246,0.677382770622336
26.17,0.945420255500626,0.802862888725169
26.18,0.909987178797376,0.673638313245153
26.19,0.868019943746206,0.668758436097847
26.2,0.820405189074463,0.688013454279096
26.21,0.76812983621593,0.684103539412878
26.22,0.712259951759079,0.488358656748012
26.23,0.653911447266475,0.423292886158151
26.24,0.594214573786961,0.410815379800133
26.25,0.534275752462517,0.433071173599102
26.26,0.475140702286103,0.288650208342928
26.27,0.417762167615291,0.239479314831983
26.28,0.362974256943698,0.234459454930694
26.29,0.311474066900736,0.181457868492256
26.3,0.263810360168455,0.163819057862725
26.31,0.220378784228275,-0.120459959260201
26.32,0.181423318090973,-0.0954372075464059
26.33,0.14704394152795,-0.127294110130981
26.34,0.117210523719512,-0.0300977846238072
26.35,0.0917823844401411,-0.191776809351779
26.36,0.0705319522009203,-0.120288293387045
26.37,0.0531697927695792,-0.0829839731679557
26.38,0.0393675352106748,0.0271756826331588
26.39,0.0287753520919153,-0.155388933462141
26.4,0.0210318540601091,-0.142915249204526
26.41,0.0157663374690404,-0.125007070108444
26.42,0.0125957039504333,-0.191982267970663
26.43,0.011120277688478,-0.3990900093724
26.44,0.010923467740577,-0.0196856204836426
26.45,0.0115793746677673,-0.164655755504024
26.46,0.0126701328513264,-0.190640748519984
26.47,0.0138116195711708,-0.106292694763606
26.48,0.0146830848147592,-0.175004926221263
26.49,0.0150542353393621,-0.0487489014645332
26.5,0.014803038115235,-0.156041626760964
26.51,0.0139191742408112,-0.0492109113311258
26.52,0.0124912705688239,-0.134832384425523
26.53,0.010679886944155,-0.193254716199535
26.54,0.00868166188472138,-0.0550065916049435
26.55,0.00669206554722495,0.082377617218744
26.56,0.00487433797363234,-0.191122159741543
26.57,0.00334043257834434,-0.145447613374184
26.58,0.00214670750801264,-0.201843825964455
26.59,0.00130362097597724,0.0213338547041773
26.6,0.000795749895642471,-0.093219845150568
26.61,0.000606780147279195,-0.286607542347961
26.62,0.000743988612141221,-0.272873985295602
26.63,0.00125794718158383,-0.0182956612500574
26.64,0.00225515619780595,-0.0652914579582159
26.65,0.00390334466544866,-0.243545655199531
26.66,0.00643064762396607,-0.174913415501179
26.67,0.0101204704975431,-0.0397673205635813
26.68,0.0153036189406711,-0.0595978540704436
26.69,0.0223485461567104,-0.202137872831002
26.7,0.0316498097221119,0.0199608962050708
26.71,0.0436144280325605,-0.0590145127669478
26.72,0.0586459521787406,0.092935039010747
26.73,0.0771266189932403,0.0512521416586968
26.74,0.0993986128925434,0.13547473847068
26.75,0.125745866041125,-0.0865557222263409
26.76,0.156377709279454,0.164299077066055
26.77,0.191415029588161,0.227098844336803
26.78,0.230878638144785,0.22778506875059
26.79,0.274678730337497,0.143808164052689
26.8,0.322604061318909,0.280570325142552
26.81,0.374310028654113,0.186153961655052
26.82,0.429306199964026,0.352199364247361
26.83,0.48694556850595,0.399152749713347
26.84,0.546419353349491,0.549533248360352
26.85,0.606761841757591,0.758818856569954
26.86,0.666869156326144,0.67618716193063
26.87,0.725533853047717,0.677939769859531
26.88,0.781494294239707,0.844676055193437
26.89,0.833494525735477,0.887575823281236
26.9,0.880347804313778,0.896442504357838
26.91,0.920995733017738,0.868068743544207
26.92,0.954555569644329,1.00431162839397
26.93,0.980350577794684,1.04216641082436
26.94,0.997921707092453,1.03128590983547
26.95,1.00702251977274,1.17433539263811
26.96,1.00760217521236,1.20900883251769
26.97,0.999782723739713,0.94100948545314
26.98,0.983836665743663,1.03975545658315
26.99,0.96016892721112,0.888820138117449
27,0.929304730851018,0.916404309495383
27.01,0.891882148760016,0.891220838415531
27.02,0.848646191072388,0.87489998651979
27.03,0.800440602982933,0.982026230509601
27.04,0.74819417692932,0.726122282899207
27.05,0.692899999470095,0.78179026123064
27.06,0.635588043935711,0.749682071952735
27.07,0.577293245662584,0.651155760968143
27.08,0.519022179317529,0.621684116687528
27.09,0.461721524854899,0.470912898531135
27.1,0.406250812337991,0.434148820602136
27.11,0.353360858437183,0.366823596029695
27.12,0.303678292570364,0.199504201292423
27.13,0.257695947984563,0.382301453821433
27.14,0.215768761262729,0.260349768208048
27.15,0.17811503381069,0.245105203154423
27.16,0.144823150105678,0.282399398786029
27.17,0.115863799064409,0.207454917487097
27.18,0.0911072317343222,0.173019828929063
27.19,0.0703441777426186,0.122051517254226
27.2,0.0533080399981437,0.279809329837565
27.21,0.0396953287330215,0.151262767573262
27.22,0.0291813771478384,0.142309761192543
27.23,0.0214293808002676,0.2065156385396
27.24,0.0160925773463733,0.156255244665071
27.25,0.0128114714865987,0.0553003215210705
27.26,0.0112097616866521,0.0946717503815524
27.27,0.010893411343923,0.0677518316194006
27.28,0.0114567437303254,-0.0011675219339952
27.29,0.0124975470804665,0.124198980789504
27.3,0.0136404093768341,0.189196552635137
27.31,0.0145646402340606,0.104107975331195
27.32,0.0150310523622394,0.184253739492766
27.33,0.0149012607001833,0.212181309911646
27.34,0.0141442986135346,0.144818426967071
27.35,0.0128280172701634,0.117421305685204
27.36,0.0110962339392226,0.100314881319957
27.37,0.00913597317828124,0.13497199482468
27.38,0.00714147095035557,0.283232943950843
27.39,0.00528225828853636,0.166264585437972
27.4,0.00368146887741797,0.123112047307615
27.41,0.00240790384763739,0.125459314391532
27.42,0.00148210652788997,0.169066843228014
27.43,0.00089366219554171,0.175758503715182
27.44,0.000624917705669647,0.275220619752487
27.45,0.000675726852081402,0.136307890019982
27.46,0.00108462546622868,0.251264992904189
27.47,0.00194357993042727,0.125981166801308
27.48,0.00340546802341853,0.19795927106103
27.49,0.00568509449171729,0.157428878651127
27.5,0.00905539837366906,0.271314981255461
27.51,0.0138405011599761,0.309767806222126
27.52,0.0204066251952881,0.329697229888156
27.53,0.0291511205174102,0.272659147861815
27.54,0.0404893105652189,0.191054857845375
27.55,0.0548388553240767,0.238105451805063
27.56,0.0726018121024962,0.292088410500432
27.57,0.0941452778310646,0.124672967985324
27.58,0.119782033143135,0.433030363020181
27.59,0.149752651986718,0.265912230739607
27.6,0.184209987374423,0.351162588714743
27.61,0.223205979772213,0.535423926619993
27.62,0.266679779885065,0.507091144565084
27.63,0.314445725697032,0.561766840761901
27.64,0.366180122011436,0.517603322602231
27.65,0.42140708527522,0.50649535495638
27.66,0.479485602774075,0.631177174473824
27.67,0.539601773619569,0.796512656392489
27.68,0.600771206881908,0.876598134006629
27.69,0.661856169542178,0.885435417034706
27.7,0.721600119662482,0.911796874082298
27.71,0.778679055153613,1.03238284725931
27.72,0.831765438120313,1.00680704496376
27.73,0.879597338789794,1.14683363546471
27.74,0.921043823590479,1.06070553189471
27.75,0.955158044334373,1.33324555684925
27.76,0.981211940782458,0.995345998218112
27.77,0.99871031979056,1.34399340621804
27.78,1.00738627452095,1.18808014956774
27.79,1.00718331010329,1.34171061960125
27.8,0.998231254120284,1.11693417875671
27.81,0.980822683553143,1.1910260630659
27.82,0.955394453408447,1.21001307655635
27.83,0.922515750000688,1.08055461035295
27.84,0.882880954041729,1.07989759699859
27.85,0.837303440433184,1.11766103080284
27.86,0.786705834612278,1.07224643904788
27.87,0.732103221221244,0.876406869555288
27.88,0.674577884243023,0.837387567576611
27.89,0.615246567097982,0.875927780236542
27.9,0.555223180172059,0.913445611675905
27.91,0.495580813810214,0.800854022759647
27.92,0.437316715763843,0.561896938507789
27.93,0.381322852265151,0.570433844143136
27.94,0.328363330885696,0.428557661823863
27.95,0.279058869536407,0.589549233175183
27.96,0.233877981265392,0.412372569672204
27.97,0.193134604826474,0.440836707044802
27.98,0.156992237981178,0.454640122736529
27.99,0.125474777659948,0.364044798646608
28,0.0984838825553946,0.279985525954742
28.01,0.075821677083424,0.334699213997492
28.02,0.0572162935455152,0.200530366525662
28.03,0.0423466516700405,0.482231231168672
28.04,0.0308625992402845,0.0811827213474125
28.05,0.0223974624091577,0.448689941553754
28.06,0.0165721320994817,0.312245855459099
28.07,0.0129925175025848,0.216170687741239
28.08,0.0112446610778266,0.282979352343967
28.09,0.0108931115712645,0.256596190367251
28.1,0.011487663854449,0.441024034023467
28.11,0.0125812289082825,0.438283705775993
28.12,0.0137579729366961,0.323846901973307
28.13,0.0146670437615363,0.240302931211996
28.14,0.0150544347408897,0.275139725524017
28.15,0.0147848185335393,0.19978506095643
28.16,0.0138469037270888,0.184231536922175
28.17,0.0123396440110383,0.234409439164986
28.18,0.0104414040118117,0.378722280240421
28.19,0.00836855332065687,0.215261195375991
28.2,0.00633262226280301,0.272866574638391
28.21,0.00450533939634448,0.351637523273903
28.22,0.00299858408348227,0.279835659298672
28.23,0.00186228608581341,0.286159737691479
28.24,0.00109883270102768,0.189982428240634
28.25,0.000688909494414849,0.250680630325027
28.26,0.000621845416824646,0.160952257949898
28.27,0.00092375366642759,0.178731718303295
28.28,0.00167866514225452,0.145985534308331
28.29,0.00304056335954108,0.203687734617846
28.3,0.0052367387931813,0.266943977048926
28.31,0.00856441916580588,0.23421838712989
28.32,0.0133829238315091,0.167797212039342
28.33,0.0201028893067026,0.173408958764629
28.34,0.029173031658617,0.15173550029712
28.35,0.0410641188116817,0.302635774608044
28.36,0.0562497463699095,0.305200621658504
28.37,0.0751841502578642,0.187616028103846
28.38,0.0982782583784203,0.187760655009446
28.39,0.12587590056218,0.342750966639159
28.4,0.158232084319868,0.342291911075794
28.41,0.19549438347992,0.318167657077435
28.42,0.237687110114689,0.538485819300729
28.43,0.284696717762786,0.495240634157316
28.44,0.336256539367177,0.548743894937885
28.45,0.391929931647999,0.653445162051687
28.46,0.451093073990362,0.695148640459293
28.47,0.512921366021723,0.695223898123516
28.48,0.57638551501969,0.692242086819472
28.49,0.640263940981741,0.939493165999239
28.5,0.703176431562134,0.76895692155378
28.51,0.763640172644949,1.07459633824578
28.52,0.820144274138125,0.975382663797611
28.53,0.871234154601344,1.23367097269891
28.54,0.915594158970507,1.09345594222361
28.55,0.952116613887658,1.10005192870273
28.56,0.979948371588706,1.17306216382619
28.57,0.998510990943474,1.29142595639404
28.58,1.00749655751228,1.04797298094597
28.59,1.00684601933286,1.16511724879116
28.6,0.996719419150168,1.20082159171653
28.61,0.977466946568728,1.16741833188067
28.62,0.949606702957018,1.13457094209325
28.63,0.913810665794771,1.06115704611223
28.64,0.870896120363945,0.950371405333483
28.65,0.821817168600722,1.21888640352072
28.66,0.767650552284017,0.8171301654073
28.67,0.709571815902214,0.951257129106992
28.68,0.648820928037223,0.720543463138791
28.69,0.586659668641467,0.584431478361972
28.7,0.524325284395732,0.691369530785016
28.71,0.462985536554613,0.783963017789129
28.72,0.403699402037005,0.60353916659334
28.73,0.347385969180755,0.363094736856548
28.74,0.29480233713897,0.386032555307247
28.75,0.246530248661441,0.327574237540095
28.76,0.202970972427585,0.249562508824146
28.77,0.164348310697502,0.381866519328421
28.78,0.130719933118697,0.461353554356029
28.79,0.101996943959424,0.115178011768513
28.8,0.0779704475850303,0.270229287173519
28.81,0.0583421756163839,0.0965112163367879
28.82,0.0427547063454802,0.250767784449762
28.83,0.0308162998581484,0.165893231711229
28.84,0.0221164715913017,0.113824854614632
28.85,0.0162311094314467,0.184319226124837
28.86,0.0127194833318892,0.297736967428024
28.87,0.0111186838636242,0.229137975607552
28.88,0.0109425817593403,0.0971232664704279
28.89,0.011691503605441,0.170865884312369
28.9,0.0128754829817057,0.0209072178315591
28.91,0.0140491023746962,0.140821193705561
28.92,0.014851168626022,0.180833010009681
28.93,0.01503945448677,0.137665145651293
28.94,0.0145106802791438,0.0494417384508758
28.95,0.0132990319460759,0.0890702935474997
28.96,0.0115519600858459,0.0411240271930952
28.97,0.00948810697165339,0.117711473227522
28.98,0.00734704313485411,0.0520096402788426
28.99,0.00534255199224034,0.0536706049968224
29,0.00362989674995225,0.0158380598667027
29.01,0.00229336086885841,0.147132305740882
29.02,0.00135478444341393,0.0844474269458768
29.03,0.000798604264542039,-0.0227655500769077
29.04,0.000605564495029615,0.0700434460994249
29.05,0.000786556594032546,0.00288579921377467
29.06,0.00140977674037472,0.0522182666526877
29.07,0.00261757631291111,0.191038980084905
29.08,0.00463270243252784,-0.0429235626979085
29.09,0.00775594292958095,0.0576543931508353
29.1,0.0123579544172445,-0.0726753663885354
29.11,0.0188674333191173,0.0935842954639395
29.12,0.0277565011406653,-0.0655725652080721
29.13,0.0395230895663956,-0.0780656298248338
29.14,0.0546698440023537,0.114352414472105
29.15,0.0736797100074159,0.0252946314657942
29.16,0.0969894929149451,-0.0524812324872875
29.17,0.124963574644255,0.0237569374885951
29.18,0.157870021438729,0.245208652554825
29.19,0.195860344761188,0.207768346050534
29.2,0.238952572111133,0.249973180028825
29.21,0.287015854438428,0.349404973053067
29.22,0.339754451444249,0.343123873057692
29.23,0.396690097442611,0.126217933731155
29.24,0.457144292089395,0.439301922091347
29.25,0.520225117874431,0.385830285150043
29.26,0.584825476739193,0.483865432008351
29.27,0.64963995235295,0.489580181660381
29.28,0.713205222592226,0.70956663772108
29.29,0.773964363816632,0.920226732269906
29.3,0.830349704374399,0.82926628761426
29.31,0.880873838555164,0.992029772014328
29.32,0.924215685074533,0.858828257982565
29.33,0.959289078737497,0.866084637652448
29.34,0.985285272744115,0.994582737081135
29.35,1.00168677643629,0.844535025859159
29.36,1.00825632518627,0.842001330302489
29.37,1.00500955987533,0.703881283812244
29.38,0.992181839143524,0.747119679484276
29.39,0.970198188118645,0.864539460536969
29.4,0.939651458621633,0.875988924433898
29.41,0.901288865959336,0.79636195863043
29.42,0.856002903310363,0.623517927202123
29.43,0.804820530023852,0.629029730314227
29.44,0.748884960509334,0.599036984203583
29.45,0.68942689237824,0.67143637101757
29.46,0.627725478980729,0.559853657821255
29.47,0.565062453342747,0.40255365584442
29.48,0.502674544470813,0.273982246217266
29.49,0.441709341539129,0.325709671001672
29.5,0.383188402981136,0.135252348724647
29.51,0.327979482195427,0.165683785590603
29.52,0.276778113913453,0.140095494016259
29.53,0.230098013744203,0.212774581246179
29.54,0.188269797241746,0.141754246170667
29.55,0.151447960211385,0.0465383985132785
29.56,0.119626220347706,-0.0218907256359969
29.57,0.092660714937621,-0.0736088969173527
29.58,0.0702991485382978,-0.0117339443473621
29.59,0.0522122774977002,-0.192456504595935
29.6,0.0380229256869687,-0.126368886307012
29.61,0.0273278307186916,-0.0131384794961637
29.62,0.019709376191274,-0.187177670151448
29.63,0.014737360769911,-0.252047201609667
29.64,0.0119644437850778,-0.135420596518518
29.65,0.0109215223539081,-0.115701583162926
29.66,0.0111199273381738,-0.00534009997717888
29.67,0.0120654844644356,-0.216233563072929
29.68,0.0132855564220586,-0.187227757899364
29.69,0.014365352844424,-0.0474711027540283
29.7,0.0149856855458222,-0.170104285902005
29.71,0.0149524369858758,-0.126954688092488
29.72,0.0142091041303137,-0.116968235709883
29.73,0.0128276903435629,-0.0556014435236903
29.74,0.0109788017517749,-0.0894777179472483
29.75,0.00888733989956836,-0.170662700856119
29.76,0.00678395295032402,-0.275046210398701
29.77,0.00486328201644474,-0.182569981880579
29.78,0.00325783977447661,-0.120999813311981
29.79,0.00203188932854577,-0.0816036592103445
29.8,0.00119442570501998,-0.133665662104654
29.81,0.000725913932884452,-0.311421328364378
29.82,0.000611012678743601,-0.181851015917624
29.83,0.000869541354319472,-0.284394798543674
29.84,0.00158001844774253,-0.233527012392706
29.85,0.00289319019511974,-0.284021409918396
29.86,0.00503588842438451,-0.0594928261251334
29.87,0.00830738879539589,-0.209594765451744
29.88,0.0130708457419818,-0.0432001075075937
29.89,0.0197416374949022,-0.326778408529644
29.9,0.0287732562301525,-0.242989702952563
29.91,0.0406404787512966,-0.106711966601163
29.92,0.0558194262993832,-0.19958047887006
29.93,0.07476477386529,0.0190111393856542
29.94,0.097885373665588,-0.170630909114321
29.95,0.125520291127815,-0.265117106907293
29.96,0.157917217160839,-0.0691870671903309
29.97,0.195214308853863,-0.0579347103700786
29.98,0.237425086224465,0.00343362767636299
29.99,0.284424774532253,-0.00608363009309277
30,0.3359361578999,0.0551598507860607
30.01,0.391514009962833,0.100742278488996
30.02,0.45052934476117,0.189227237668735
30.03,0.51215736750564,0.190177645645227
30.04,0.575375036450226,0.433247245316023
30.05,0.638974559887506,0.335967421363565
30.06,0.701597396005688,0.570070178109781
30.07,0.761789580824346,0.410390478927319
30.08,0.818074406381654,0.649249806761824
30.09,0.86903400768998,0.583465404539555
30.1,0.913388706448891,0.685530614047446
30.11,0.950062939929052,0.771802638884904
30.12,0.978229395646862,0.664447780978602
30.13,0.997327814809878,0.774953192629644
30.14,1.00706041431983,0.761204780835202
30.15,1.00737041902768,0.674734466868434
30.16,0.998412540596738,0.800570629850545
30.17,0.980523869808245,0.551627161663789
30.18,0.954200923608436,0.832235284268623
30.19,0.920084579257925,0.769626736633385
30.2,0.878950727880039,0.616030573136395
30.21,0.831701918924564,0.549768311466058
30.22,0.779354718325581,0.559251133470885
30.23,0.723018905600205,0.435881108891963
30.24,0.663867286561577,0.399547333504661
30.25,0.603097764013245,0.372458413681789
30.26,0.54189141986344,0.285027909594714
30.27,0.481371150613557,0.368686156365902
30.28,0.422564850129211,0.146050601672858
30.29,0.366375717249371,0.0465958766362071
30.3,0.313560681685439,-0.0268462442919753
30.31,0.264716807177724,-0.0303687117044981
30.32,0.220275130974765,-0.107437007011096
30.33,0.180501601158976,0.0064293934731639
30.34,0.145505134673718,-0.0842352122376934
30.35,0.115252827432274,-0.14252826090197
30.36,0.0895916940951474,-0.157411314244924
30.37,0.0682750693911236,-0.253319168162643
30.38,0.0509904199960039,-0.00970770494679785
30.39,0.0373844585390875,-0.146420254413473
30.4,0.0270817008858263,-0.158398791372987
30.41,0.0196941828895806,-0.214574192218127
30.42,0.0148226539847446,-0.219971678896732
30.43,0.0120524225249734,-0.180842621773039
30.44,0.0109491467484604,-0.201002847353937
30.45,0.0110603854960627,-0.172715998058868
30.46,0.0119272601160962,-0.269326033362022
30.47,0.0131074150028335,-0.130268746267876
30.48,0.0142065035837562,-0.348108908826482
30.49,0.0149119242641129,-0.0827297585257506
30.5,0.0150206781662732,-0.234480837547681
30.51,0.0144537334472239,-0.211040247082436
30.52,0.0132521377712549,-0.232512974503355
30.53,0.0115545450004543,-0.295977189724124
30.54,0.00956052332658633,-0.266744419610825
30.55,0.0074875994172599,-0.109006826774855
30.56,0.00553142546472046,-0.0651168210883285
30.57,0.00383736967928871,-0.315958692366936
30.58,0.00248863744518564,-0.202982541003073
30.59,0.00151175608562122,-0.273976102245913
30.6,0.000896184292746122,-0.222903726761109
30.61,0.000622054281596782,-0.201037712954271
30.62,0.000689227029855366,-0.26875194908104
30.63,0.00114188583463013,-0.20239819405018
30.64,0.00208518399872666,-0.0894726349642223
30.65,0.00369307154219489,-0.306266322231821
30.66,0.00620847803499479,-0.247589709117424
30.67,0.00993799874004747,-0.186747847203668
30.68,0.0152430841471131,-0.173843794342891
30.69,0.0225288659876068,-0.189527303462702
30.7,0.0322307779044695,-0.156000601456976
30.71,0.0447985915956502,-0.182817871442143
30.72,0.0606776402261172,-0.13704257695903
30.73,0.080287710563928,-0.13656284015247
30.74,0.104000929167436,-0.0324284000370102
30.75,0.132120441627042,-0.0191130750350682
30.76,0.164861452581128,-0.0430035052023272
30.77,0.20233526870234,0.102871659027774
30.78,0.244535747166846,0.0555721776237059
30.79,0.291326603786213,0.137060802780366
30.8,0.342427951035404,0.162222549612982
30.81,0.39740148883181,0.152212940239397
30.82,0.455635765145802,0.320524195813864
30.83,0.516335210086582,0.176925836354805
30.84,0.578518323501605,0.312228640983023
30.85,0.641030630948438,0.505083913859156
30.86,0.702576386093972,0.618361655944183
30.87,0.761769670447004,0.460552834396825
30.88,0.817201318308796,0.733949168167817
30.89,0.867514163195371,0.585735044976412
30.9,0.911476666421918,0.691532837444211
30.91,0.948044867574,0.672222855356624
30.92,0.976404932596868,0.7951003639767
30.93,0.995992763301476,0.835851992421531
30.94,1.00649199799959,0.877975317039171
30.95,1.00781590334556,0.815052995867435
30.96,1.00008099700887,0.841960404232552
30.97,0.983580208082546,0.853622414091686
30.98,0.958761183594427,0.729050802897899
30.99,0.926211843027724,0.720434648593587
31,0.886651669645929,0.84944347754806
31.01,0.840924644182813,0.459388341818669
31.02,0.789988880060845,0.723391551696323
31.03,0.734898989012025,0.678912264904771
31.04,0.676779471897521,0.64642584345187
31.05,0.616790104678998,0.448707661117909
31.06,0.556086460669588,0.489939974716017
31.07,0.495779758037116,0.38244431318731
31.08,0.436900004938277,0.258245009880511
31.09,0.380365260796959,0.300118675700183
31.1,0.326958350134569,0.235444964858649
31.11,0.277311167469032,0.128564980156327
31.12,0.231896159863145,0.0811509199699109
31.13,0.19102465056492,0.0596485959401697
31.14,0.154852022002011,0.0888103171182485
31.15,0.123389918333484,0.0170711822262489
31.16,0.0965251820656108,-0.109716254652514
31.17,0.0740441533276643,0.0047165650632848
31.18,0.0556595676561404,-0.0637153045012072
31.19,0.041036194783306,0.0157848219601649
31.2,0.0298111954035622,-0.149250690873758
31.21,0.0216062966250292,-0.20985813673061
31.22,0.0160311872226588,-0.0991939248158255
31.23,0.0126803937433002,-0.110536648065889
31.24,0.011128370616404,-0.00410489053015542
31.25,0.0109286713111931,-0.20525932487008
31.26,0.0116222735630625,-0.138007880847203
31.27,0.0127574426947337,-0.0591577980694743
31.28,0.0139196408335286,-0.104644017430931
31.29,0.0147661168908617,-0.058106978060009
31.3,0.0150572348475201,-0.136321972739806
31.31,0.0146762688701521,-0.104686067116495
31.32,0.0136315806115487,-0.111159749630561
31.33,0.0120392569765688,-0.176341373860497
31.34,0.0100892306427629,-0.00555724913120705
31.35,0.00800216007967968,-0.0787149373765633
31.36,0.00598664310646446,-0.0787447109883694
31.37,0.00420602565660004,0.0561874955186138
31.38,0.00276131072004314,0.0233240310978692
31.39,0.00169237959718539,-0.0824275264855387
31.4,0.000995237479571504,0.0473304140944295
31.41,0.00064958589615933,-0.0488811661676931
31.42,0.000649553101858228,-0.0479783887631665
31.43,0.00103103476246408,0.00546584553072284
31.44,0.0018912858036274,0.00957917924144099
31.45,0.00339920300626818,-0.0034420147206637
31.46,0.00579713924836254,-0.00738884075179982
31.47,0.00939640096663038,0.0533819065564737
31.48,0.0145686351602994,0.110808535327557
31.49,0.0217344650707337,0.0112861424059782
31.5,0.0313496453518104,0.172476160097104
31.51,0.0438883275835609,0.005520974268812
31.52,0.0598231061802062,0.251317738190963
31.53,0.079602267731078,0.179047879484424
31.54,0.103625638015399,0.1104930926443
31.55,0.132221020746761,-0.000501409819889985
31.56,0.165623027307663,0.172295317635729
31.57,0.203955080494059,0.215590797034234
31.58,0.247213959975999,0.403033574980187
31.59,0.295255156914511,0.366334236097211
31.6,0.347777215250921,0.243932935782605
31.61,0.404304497139361,0.469068850433471
31.62,0.464170186543595,0.433164488422029
31.63,0.52650404021011,0.436798926576478
31.64,0.590231298064447,0.712639478402744
31.65,0.654089265129412,0.754270226131474
31.66,0.716665886072543,0.740547629453487
31.67,0.776460446329953,0.951867175761983
31.68,0.831961412230902,0.872577601248081
31.69,0.881731886660552,0.81827235738136
31.7,0.92449068066348,1.07501492049934
31.71,0.95917749145603,0.98947359971002
31.72,0.984994125815914,1.08714226419849
31.73,1.00141915670093,1.02563781396988
31.74,1.00819924014966,1.00870064012355
31.75,1.00532482004321,1.15195826944632
31.76,0.992999841741679,1.03838654477969
31.77,0.971613992143483,1.05087240053413
31.78,0.941722478977002,1.12673761627595
31.79,0.904033797771038,0.829733314948383
31.8,0.859401905651483,0.91774677498852
31.81,0.8088170130361,1.06614674276431
31.82,0.753389371362494,0.888602568349587
31.83,0.694322662495342,0.695102719682304
31.84,0.63287688775172,0.763381842628056
31.85,0.570323758923629,0.706842708272047
31.86,0.507899486376699,0.576728389339678
31.87,0.446760101550618,0.520677093388005
31.88,0.387943285207203,0.511483457261703
31.89,0.332338835923328,0.524423266341929
31.9,0.280668265218213,0.337073901606704
31.91,0.23347313663738,0.414100053331071
31.92,0.19111175677622,0.165646019853029
31.93,0.153764258786762,0.438712563418711
31.94,0.121446327552285,0.311807539995306
31.95,0.0940312581199965,0.177180014828211
31.96,0.0712786150739823,0.201495220094078
31.97,0.0528659249489952,0.0994915986320585
31.98,0.0384184373473262,0.116763742878403
31.99,0.0275319062739469,0.212873486463919
32,0.0197850343321997,0.0252753104966432
32.01,0.0147414442834785,0.248932941832065
32.02,0.0119448286792611,0.268143254421349
32.03,0.0109138944376899,0.218833053456314
32.04,0.0111445850779252,0.154315572931258
32.05,0.0121251920839467,0.276063855876186
32.06,0.0133656985105217,0.216016917164633
32.07,0.0144373219273908,0.379510290595715
32.08,0.0150135743143928,0.28066493378775
32.09,0.0149019647297199,0.389652969438289
32.1,0.0140567131461186,0.190034603822722
32.11,0.0125673404399351,0.32663808270326
32.12,0.0106244248173686,0.305578631637561
32.13,0.0084701352891515,0.271196532415983
32.14,0.0063453330744735,0.353288591845383
32.15,0.00444575145622679,0.29679291806453
32.16,0.00289687429074947,0.281865281367397
32.17,0.00175168242225642,0.296019223394624
32.18,0.00100926650463426,0.121758846554395
32.19,0.000647366204568702,0.229123077567607
32.2,0.000659562649603464,0.272389069659112
32.21,0.0010884789138745,0.0204224419458061
32.22,0.00204923808058497,0.271973660524579
32.23,0.00374121057237603,0.0908921031919279
32.24,0.00644928276621856,0.0674007362107206
32.25,0.0105375134096995,0.188941404279216
32.26,0.0164379383320623,0.0755844290634314
32.27,0.0246360293404701,0.170374670178792
32.28,0.0356529030481506,0.323723115422975
32.29,0.050023695182237,0.290240584789706
32.3,0.0682719264697845,0.418085786442018
32.31,0.0908808838328365,0.37298572393622
32.32,0.118264250506084,0.253378765528561
32.33,0.150738623252243,0.341167546735405
32.34,0.18849975000054,0.491952505531367
32.35,0.231602577354654,0.493833394562832
32.36,0.279943388282069,0.651789572068456
32.37,0.333241524690874,0.644425001041261
32.38,0.391019190832412,0.598091106322574
32.39,0.45258061347492,0.698229357187554
32.4,0.516995482765953,0.879018757854054
32.41,0.583094575357153,0.776590404194684
32.42,0.649486200240852,0.785364021744855
32.43,0.714599693968579,1.00128779325036
32.44,0.776756847670157,1.01793275121554
32.45,0.834265286101742,0.982435833597846
32.46,0.885521611486931,1.08012956746454
32.47,0.929108733086712,1.12788349676579
32.48,0.963872555100584,1.07967778258063
32.49,0.988968041765712,1.18898331358349
32.5,1.00387215493977,1.11642202228541
32.51,1.00836888392797,1.14992782934328
32.52,1.00251711250567,1.23582722282426
32.53,0.986613762319564,1.14632953443464
32.54,0.961162268438322,1.02233385322832
32.55,0.926851160902567,1.11572641681725
32.56,0.884541456319983,0.976259832087836
32.57,0.835256923634114,1.04015614626117
32.58,0.780169579903336,0.996336167269444
32.59,0.720574280042775,1.26153448634448
32.6,0.657850058733006,1.00281788470122
32.61,0.593410292639372,0.950954493338456
32.62,0.528647092951323,0.880305234618488
32.63,0.464876580023609,0.767818583082126
32.64,0.403290785436813,0.539595694000925
32.65,0.344919691764795,0.840767985586904
32.66,0.290604564125062,0.595451839750138
32.67,0.240982240400755,0.508497216976364
32.68,0.19647975579391,0.46820507373532
32.69,0.157319157834355,0.546935160036151
32.7,0.123532741944314,0.464913717262874
32.71,0.0949884003046364,0.458107676677885
32.72,0.0714230896241133,0.325498014906248
32.73,0.0524801232814535,0.249178399753992
32.74,0.037744198781161,0.198903255795531
32.75,0.0267679595500081,0.0609727794679215
32.76,0.0190860782300257,0.179701166638914
32.77,0.014216976481823,0.11261902376387
32.78,0.0116570271333681,0.0972481956259727
32.79,0.0108755654116336,0.208024866238043
32.8,0.0113196492265548,0.224027881903813
32.81,0.0124346021966429,0.333594496075473
32.82,0.0137006481145246,0.190684656328166
32.83,0.014679304201248,0.167073300800876
32.84,0.0150580844672072,0.126945239592794
32.85,0.0146805270230062,0.224385425620382
32.86,0.0135514402784684,0.393305374290791
32.87,0.0118138076692407,0.265202852014262
32.88,0.00970187857013722,0.447782640848647
32.89,0.00748188264798284,0.317524158981274
32.9,0.0053952161282649,0.372495881611307
32.91,0.0036177923743242,0.56941772921622
32.92,0.00224407179900068,0.382368011536817
32.93,0.00129699277536964,0.266444122058515
32.94,0.000758121130645281,0.323978701877331
32.95,0.000607977115084521,0.281161602689742
32.96,0.000865733792444624,0.353690230475892
32.97,0.00161997039350773,0.275204915148437
32.98,0.00304646189907611,0.320605361102735
32.99,0.00541322737929869,0.386129155814692
33,0.00907574791760131,0.142409131587802
33.01,0.0144658222694754,0.104761324441065
33.02,0.0220763972413808,0.132832085820614
33.03,0.0324430006427845,0.197295559564522
33.04,0.0461212821434168,0.137850633716792
33.05,0.0636602729150429,0.107174638947273
33.06,0.0855721524688511,0.227445732735678
33.07,0.112300749821463,0.0964230206113699
33.08,0.144191715416692,0.296318684976338
33.09,0.181466675113637,0.0728588451858571
33.1,0.224201871191786,0.276037500133713
33.11,0.272309706202535,0.399525956203674
33.12,0.325520469281327,0.504278616566965
33.13,0.383362291491837,0.39337322806192
33.14,0.445140166530386,0.563645695390094
33.15,0.509918777498438,0.568167491189299
33.16,0.576517227798561,0.813950485988332
33.17,0.643524828387785,0.901067139710345
33.18,0.709344770607751,1.12196919202717
33.19,0.772266979454164,1.16822658413997
33.2,0.830564181392612,1.19000633232323
33.21,0.882598571505814,1.38507228594093
33.22,0.926922768627456,1.30831032347841
33.23,0.962359448489784,1.4486814481426
33.24,0.988049100785635,1.39944381122809
33.25,1.00346320371579,1.38103323059305
33.26,1.00838821615787,1.36302720102989
33.27,1.00289157151855,1.1853632272541
33.28,0.987282622830297,1.05121100372818
33.29,0.962079010319154,1.14565391000293
33.3,0.927983461338078,0.884372434935968
33.31,0.885869793120328,0.818293588353806
33.32,0.836772151110471,0.773416561511813
33.33,0.781869790782713,0.738262162110694
33.34,0.722461249958924,0.649302128896939
33.35,0.659925584163013,0.369523199032303
33.36,0.595672748292294,0.462749393194499
33.37,0.531088519588253,0.24126167496397
33.38,0.467480559571588,0.516964484537175
33.39,0.406031281654386,0.230086305000748
33.4,0.347760952520892,0.423435586687837
33.41,0.293502102147915,0.257594516187807
33.42,0.243884819007245,0.342039598927172
33.43,0.199332184966476,0.244928714978412
33.44,0.160065556889486,0.341469175324433
33.45,0.126119793294125,0.406862790229105
33.46,0.0973680846275489,0.506336003728015
33.47,0.0735545308025154,0.356418897479934
33.48,0.0543304947436019,0.297575060914834
33.49,0.0392890632583849,0.331917193783726
33.5,0.0279917509300699,0.436437675036925
33.51,0.0199834807782613,0.431353139218224
33.52,0.0147955857875222,0.360106948620668
33.53,0.0119409342123383,0.345080392342593
33.54,0.0109086384439065,0.263547742902681
33.55,0.0111666804293864,0.191887471530798
33.56,0.012178509429,0.334547831372059
33.57,0.0134347477989901,0.085747349670504
33.58,0.0144951619990666,0.0984425727318659
33.59,0.0150311414297042,0.132898933278188
33.6,0.0148569538354364,-0.255096078891685
33.61,0.0139399206526502,-0.224530294864284
33.62,0.012384941009241,-0.266885331070622
33.63,0.0103958303692322,-0.209285511701483
33.64,0.0082224335277248,-0.354867174996949
33.65,0.0061063111927669,-0.308628348669011
33.66,0.00423780529784719,-0.306274007561521
33.67,0.00273360283965844,-0.260108326114766
33.68,0.00163790294652027,-0.294446791067139
33.69,0.000943987116470406,0.0241506629574282
33.7,0.000628359511717532,-0.200832371791886
33.71,0.000687866833159136,-0.0544244840934113
33.72,0.00117142239717806,0.0873183121089944
33.73,0.0022012249706996,0.171883315447011
33.74,0.00398219963172043,0.122848146870605
33.75,0.00680137975129487,0.275313769071897
33.76,0.0110202724534888,0.234980371128409
33.77,0.0170629040356437,0.465842151448035
33.78,0.0254009180979216,0.348491615879926
33.79,0.0365357750831093,0.344616627806883
33.8,0.0509775580925175,0.429872224394196
33.81,0.069220365107626,0.309354789060514
33.82,0.0917153965917768,0.392097632427437
33.83,0.118843890884252,0.284280081591989
33.84,0.150892310466917,0.223988083504126
33.85,0.188031349049081,0.0880605900786113
33.86,0.230298719883639,-0.0407658477584379
33.87,0.277584095730829,0.19270168616791
33.88,0.329613925650833,0.200562650909103
33.89,0.385934755954316,0.12954841153976
33.9,0.445896070947823,0.00885194112464932
33.91,0.508636749854779,0.0333162743326499
33.92,0.573081736827998,0.0776593557372369
33.93,0.637956178137199,0.0723286408054289
33.94,0.70182237280323,0.21042536815185
33.95,0.763140587242019,0.329074316904322
33.96,0.820349202609906,0.447253367614266
33.97,0.871954488004131,0.586667051073388
33.98,0.916617226490177,0.590297668373473
33.99,0.953223564873875,0.784648228628639
34,0.980930896664376,0.881019368058123
34.01,0.999185332765248,0.910250650729461
34.02,1.00771363243104,1.05078726946284
34.03,1.00649746988026,1.19226343425106
34.04,0.995740196341152,1.30458957416952
34.05,0.975835360194978,1.42243210146546
34.06,0.947342759315962,1.40156291290491
34.07,0.910973103918544,1.21584058874437
34.08,0.867578121552993,1.31165550754031
34.09,0.818140482168485,1.10775189565856
34.1,0.763757858692161,1.1406562402742
34.11,0.70561748562686,0.855311700355919
34.12,0.644960764678302,0.67482869968599
34.13,0.583040556160564,0.608192413513883
34.14,0.521075762324642,0.355571404334566
34.15,0.460208186138846,0.322825658115997
34.16,0.401465623325493,-0.0243804485417495
34.17,0.345733389537023,-0.0658174630546595
34.18,0.293734814595224,-0.177332248359553
34.19,0.24602024845361,-0.410573864367737
34.2,0.20296396577112,-0.445433726514602
34.21,0.164768714412316,-0.598024861747272
34.22,0.131477955635589,-0.678568510740259
34.23,0.102995573150884,-0.77944751575567
34.24,0.0791118052915853,-0.640856897646152
34.25,0.0595326605597112,-0.480838262984975
34.26,0.0439087587164253,-0.427701212825768
34.27,0.0318591329324761,-0.419684461670377
34.28,0.0229865138283581,-0.228979185698902
34.29,0.0168829565012336,-0.296066828264764
34.3,0.0131277494868051,0.0829417912760419
34.31,0.0112823396675354,0.0639024429485746
34.32,0.0108884568397932,0.226770337600698
34.33,0.0114750319318713,0.355197564216962
34.34,0.0125768493708068,0.31714879551758
34.35,0.013763870594386,0.538974805700556
34.36,0.0146760614823733,0.453829538744193
34.37,0.0150557262983262,0.441494018566231
34.38,0.0147688205883043,0.420597390646613
34.39,0.0138087946303019,0.351037752251751
34.4,0.0122806727656524,0.21897416131051
34.41,0.0103680858571982,0.244240160709205
34.42,0.00829034263482583,-0.127314729147048
34.43,0.00625905626752307,-0.0945567941171091
34.44,0.00444366408411074,-0.467964603449334
34.45,0.0029525420282214,-0.533671297178318
34.46,0.00183221288498613,-0.651397715917641
34.47,0.00108268690921598,-0.786030498962287
34.48,0.000683535062687234,-0.782599775468038
34.49,0.000623722430478234,-0.788597824150814
34.5,0.000928698392073664,-0.925264077517093
34.51,0.00168027116416806,-0.818445777439165
34.52,0.0030274871798134,-0.753006815038953
34.53,0.00518912664590274,-0.722841316401158
34.54,0.00844982986988983,-0.69534381485784
34.55,0.013152080730234,-0.597838838439581
34.56,0.0196855747237901,-0.439242156414182
34.57,0.0284744732069095,-0.180016934184292
34.58,0.0399622996706001,0.0751460567685469
34.59,0.054594137647967,0.0367510819378465
34.6,0.0727963376598241,0.346428500736213
34.61,0.094954786250226,0.275454871725587
34.62,0.121393430047642,0.423358682109553
34.63,0.152354770357739,0.550347766346812
34.64,0.187983336574849,0.58351658765048
34.65,0.228311971049996,0.666186330376441
34.66,0.273249656614012,0.725304453010194
34.67,0.322569188854283,0.722853114128182
34.68,0.375893623141525,0.657516751801261
34.69,0.432682081161427,0.414200946175466
34.7,0.492217692523712,0.411135608354521
34.71,0.553602361432792,0.345068891652212
34.72,0.615763833881043,0.34089218996506
34.73,0.677479629157296,0.0753960520473392
34.74,0.737419752743535,0.0705664539648108
34.75,0.794206288775377,0.116257357025539
34.76,0.846484001659725,0.0962337769864323
34.77,0.892993127566791,0.0218217758994137
34.78,0.932634542888413,0.13623607730449
34.79,0.964518842278354,-0.163555539360339
34.8,0.987994232557979,0.100854732519886
34.81,1.00265262863653,0.152931769250596
34.82,1.00831767609778,0.174104832644477
34.83,1.00502144057485,0.320992250138545
34.84,0.992977446983596,0.506972091733908
34.85,0.972556524259381,0.711077690328342
34.86,0.944269070110673,0.758120376493548
34.87,0.908753898241179,0.905102876885269
34.88,0.866770873615107,0.878054926072039
34.89,0.81919293193689,0.994737588777419
34.9,0.766993164717591,1.07847802839234
34.91,0.711224206094783,1.11376617125437
34.92,0.652989513476901,1.1321078932271
34.93,0.593408446130371,1.02802022980976
34.94,0.533578595534174,1.02339628506751
34.95,0.474539246583611,0.870549657673002
34.96,0.417239224405726,0.599960498001148
34.97,0.362511133538918,0.572738619120556
34.98,0.311052693769911,0.225518256225552
34.99,0.263414991169962,0.118925346686779
35,0.219997187355895,-0.002463458051085
35.01,0.181047430286969,-0.320984406937028
35.02,0.146670016199393,-0.404786674377942
35.03,0.116838851561476,-0.56306804673724
35.04,0.0914167089920128,-0.700214872852629
35.05,0.070178717615174,-0.865568148425624
35.06,0.0528373401916207,-0.817334313051576
35.07,0.0390653049547531,-0.842112457424098
35.08,0.0285130690545819,-0.927928414761184
35.09,0.0208186083906678,-0.823638423770585
35.1,0.0156094615470098,-0.852694656221785
35.11,0.0124994165834986,-0.682537019372017
35.12,0.0110842118593207,-0.498352220834205
35.13,0.0109413749553402,-0.397035426687498
35.14,0.0116384332993031,-0.252930706613068
35.15,0.0127513023317784,-0.00227384019818806
35.16,0.0138913289678193,-0.0202075916937328
35.17,0.0147362325888653,0.238205502693935
35.18,0.01505808235827,0.311128335320239
35.19,0.0147412226059719,0.32556629322666
35.2,0.01378489865206,0.440950630619198
35.21,0.0122887988652499,0.446307613068549
35.22,0.0104238580243935,0.525798928647281
35.23,0.00839428635205915,0.468937182283494
35.24,0.00639886957278215,0.221924153369621
35.25,0.0045995653330512,0.405299692128298
35.26,0.0031033686371969,-0.0149035709639968
35.27,0.00195999318141432,0.0761720888197909
35.28,0.00117414015777979,-0.183434773747069
35.29,0.00072805443310322,-0.185914828517735
35.3,0.000608455824220066,-0.383560799771391
35.31,0.000832027582348472,-0.43726138402543
35.32,0.00146515237429625,-0.677500994107897
35.33,0.00263582457141256,-0.949452908797846
35.34,0.0045378297186041,-0.837396463315666
35.35,0.00742872232592687,-0.842697420609614
35.36,0.0116235688244195,-0.752695264523354
35.37,0.0174859848847698,-0.908901104470628
35.38,0.0254171245882185,-0.768726643035665
35.39,0.0358425079135579,-0.685734085270423
35.4,0.0491963020647266,-0.404449693635821
35.41,0.0659030076977859,-0.508622792548547
35.42,0.0863572314762693,-0.13239421088792
35.43,0.110902935004917,0.046393669209926
35.44,0.139813816754461,0.118222339022291
35.45,0.173276088239502,0.365148538119042
35.46,0.211373949377761,0.496609675748731
35.47,0.254076954918027,0.541496298120769
35.48,0.301227747518127,0.665193715994385
35.49,0.35252878208428,0.656717796032155
35.5,0.407527842356168,1.01597658747236
35.51,0.465604092595964,1.03630540923466
35.52,0.525958472308465,1.04971210187754
35.53,0.587613608064823,0.936274843274013
35.54,0.649428375010292,0.857117986583199
35.55,0.71013047769748,0.717740155874267
35.56,0.768367179849259,0.735142771404094
35.57,0.822770373982416,0.629252356134498
35.58,0.87202864158855,0.508399770892519
35.59,0.914956886476635,0.558486504215287
35.6,0.950554223267476,0.417782953492696
35.61,0.978043141610253,0.423394683619934
35.62,0.996886945497868,0.272168351034343
35.63,1.00678698946038,0.463035618965149
35.64,1.00766504423944,0.488576502304337
35.65,0.999638203186426,0.405703788381436
35.66,0.982993616564305,0.301682814430901
35.67,0.958168226389554,0.403824973829907
35.68,0.92573537204297,0.297649729169846
35.69,0.886396757760665,0.3731495768021
35.7,0.840975865529962,0.521434422098736
35.71,0.790408113677686,0.772194718464695
35.72,0.735723977776165,0.696158238464498
35.73,0.678023427451778,0.857188355728477
35.74,0.618442567180747,0.836063511379578
35.75,0.558115446217277,0.852210646928717
35.76,0.4981350328642,0.915648226587547
35.77,0.439517183356979,0.886225396016328
35.78,0.383170367692179,0.986247352858172
35.79,0.329872509239043,0.713147696074058
35.8,0.28025513388934,0.753198028055708
35.81,0.234794465411091,0.646979204021567
35.82,0.193809151004158,0.524817533024419
35.83,0.157464637677048,0.357121348164535
35.84,0.125784381344736,0.329386210447653
35.85,0.0986676844292295,0.0136078405735344
35.86,0.0759129465366674,0.0535123290828459
35.87,0.0572437670323429,-0.313435867830416
35.88,0.042334224187954,-0.133070161712723
35.89,0.0308293859581712,-0.303136161534377
35.9,0.0223580656088831,-0.436099501451117
35.91,0.0165369648261262,-0.691273180394464
35.92,0.012968101281925,-0.534676674227561
35.93,0.0112339064748405,-0.590802659628848
35.94,0.0108956690203862,-0.415932651410888
35.95,0.0115004618670066,-0.592954650499506
35.96,0.012599279634964,-0.522584875170876
35.97,0.0137754311545231,-0.32468721366065
35.98,0.0146783903173409,-0.210838389316601
35.99,0.0150555670952543,-0.147906541297886
36,0.0147738097829796,-0.000637846013986024
36.01,0.0138242532736546,0.102727582456313
36.02,0.0123079716663791,0.184182950296102
36.03,0.010404691783973,0.26292078591331
36.04,0.0083311621088101,0.379431258125784
36.05,0.00629836120100284,0.525770166244862
36.06,0.00447682748967481,0.632573738515419
36.07,0.00297703331170644,0.578127601571015
36.08,0.00184769358185005,0.491046966614042
36.09,0.00109044634840628,0.360578385460064
36.1,0.000685764726012664,0.479265928136705
36.11,0.000623175088566925,0.456582629770648
36.12,0.000929134571488494,0.244937630239443
36.13,0.00168785255490871,0.155857991620455
36.14,0.0030530442532218,0.177935144837025
36.15,0.00525108177008002,0.00173067092361959
36.16,0.00857751045068105,0.0829508478404839
36.17,0.013389166704313,-0.177781731259207
36.18,0.0200934289854554,-0.362887381039438
36.19,0.0291350638453475,-0.190454419634617
36.2,0.0409803499520782,-0.266260284450394
36.21,0.0560980865598502,-0.313417238788787
36.22,0.0749377203279898,-0.365502030697384
36.23,0.0979057719471676,-0.143942579322507
36.24,0.125342444613305,-0.0929822201331666
36.25,0.157500286155556,-0.0244334102194782
36.26,0.19452593925554,0.189962658952706
36.27,0.236444671413674,0.106437561888715
36.28,0.283146176913667,0.343769714198438
36.29,0.33436978802903,0.448362470390076
36.3,0.389688147044593,0.651329281016892
36.31,0.448490481102838,0.783556217037966
36.32,0.509969233523604,0.868682274053741
36.33,0.573115913373375,0.876075776546275
36.34,0.636732604517131,1.10203821141486
36.35,0.699464012991937,1.30077459200479
36.36,0.759851320341069,1.08899764351603
36.37,0.816404300638705,1.24542701486794
36.38,0.867683526723413,1.34934250398547
36.39,0.912381495432091,1.22114048374869
36.4,0.949391179518209,1.20636910161035
36.41,0.977853099761527,1.16994799029105
36.42,0.9971768219797,1.13626155396203
36.43,1.00703842389364,1.16444414610518
36.44,1.00736029086699,1.22481978974882
36.45,0.998282221467167,1.03458756784553
36.46,0.980132624082551,0.850543790195199
36.47,0.953405859671001,0.798360207894949
36.48,0.918747618848283,0.689300728470707
36.49,0.876946088004168,0.659493876941581
36.5,0.828923901826812,0.611879243212578
36.51,0.775725263343168,0.740789693213503
36.52,0.718494107362554,0.649927059360701
36.53,0.658442044575648,0.442387473858906
36.54,0.59680792365712,0.636335015667662
36.55,0.534813119905994,0.671079450121121
36.56,0.473617475583004,0.554622270415754
36.57,0.414280173904827,0.690395229206827
36.58,0.35772826088771,0.619334431506103
36.59,0.304733824871837,0.653247718949102
36.6,0.255899679277934,0.583284248401384
36.61,0.211653051901618,0.726594275837882
36.62,0.172247065293828,0.611691219750973
36.63,0.137770159611712,0.574192529183767
36.64,0.10816348335047,0.613082444110377
36.65,0.0832453585478802,0.538214147067321
36.66,0.0627403854382711,0.489580172607984
36.67,0.0463091984473027,0.523654856577532
36.68,0.0335741257428258,0.398830370442736
36.69,0.0241366689203033,0.326019845579186
36.7,0.0175849330756488,0.259018147647348
36.71,0.0134923762665888,0.133598359259852
36.72,0.0114124598873233,0.317937454512835
36.73,0.0108757503615944,0.0860030075217478
36.74,0.0113958341432342,0.062935516955019
36.75,0.012487848162628,0.0633639147536516
36.76,0.0136991389025856,-0.0232371979149378
36.77,0.014646883084968,-0.150296673098897
36.78,0.0150540279666898,0.039761619631489
36.79,0.0147739331246281,0.0491419427793088
36.8,0.0137961291714135,0.00113433297735913
36.81,0.0122301639379621,0.000191998787044956
36.82,0.0102702320726562,0.0106169337220064
36.83,0.00814841166295422,0.269150619983901
36.84,0.00608727499774054,0.131850328619614
36.85,0.00426253059455774,0.198473719908267
36.86,0.00278331748452276,0.256310801055718
36.87,0.00169286165997507,0.274240087896647
36.88,0.000987001936213016,0.525270950299394
36.89,0.000644153972767909,0.36905334066681
36.9,0.000658614858115079,0.311783272073121
36.91,0.00106988282282765,0.444837560976048
36.92,0.00198322857295726,0.51952530986813
36.93,0.00357995992010685,0.353725035123651
36.94,0.00611849537977351,0.563982130569448
36.95,0.00992873636139252,0.440085290561352
36.96,0.0154021715986213,0.38539406849923
36.97,0.0229791282510163,0.44713169829466
36.98,0.0331333854774394,0.241350513566906
36.99,0.0463537053837279,0.448311752299234
37,0.0631220439542205,0.261224939753778
37.01,0.0838891039184875,0.22161896229771
37.02,0.10904891827717,0.241247444393974
37.03,0.138914656817897,0.286019508108444
37.04,0.17369743256558,0.218520722199163
37.05,0.213488633976766,0.116749193692167
37.06,0.258244784928372,0.363088379982081
37.07,0.307772949023509,0.467328056334151
37.08,0.36171493464034,0.441024971029696
37.09,0.419530234472052,0.559908594715413
37.1,0.48048031165009,0.668547005695799
37.11,0.54361953459379,0.617535663311622
37.12,0.607799567719167,0.92323568554137
37.13,0.671693411459858,0.815997418114904
37.14,0.733842294091634,0.97891987396653
37.15,0.792723848278485,1.21015531349171
37.16,0.846834777726341,1.16641716069494
37.17,0.894777156477441,1.21893673985965
37.18,0.935335970460837,1.19207704828426
37.19,0.967537121385324,1.23826380253309
37.2,0.990679485258323,1.31999066156371
37.21,1.00434047881482,1.34626532144903
37.22,1.00836019201203,1.51521670228228
37.23,1.00281286228343,1.32290421016498
37.24,0.987975320749425,1.24737157174652
37.25,0.964300016475086,1.35341271347903
37.26,0.932396230277613,1.25535176481749
37.27,0.893018601478266,1.18757516751198
37.28,0.847058620197269,1.2263241022998
37.29,0.795533313387956,1.11125040143499
37.3,0.739566210304658,1.04283883298303
37.31,0.680358247190945,0.847917506880531
37.32,0.619149475658471,0.774013953942966
37.33,0.557175111519731,0.703819061795831
37.34,0.495620790030851,0.572621164303943
37.35,0.435581674505401,0.47818067594017
37.36,0.378028692982693,0.546837702364212
37.37,0.323783406179842,0.450998352438983
37.38,0.273501592594953,0.424032571922696
37.39,0.227665003611504,0.485051748480221
37.4,0.186580848581214,0.309609151897885
37.41,0.150388972728768,0.503049701957922
37.42,0.119076801669156,0.297839542693862
37.43,0.0925015335774569,0.387760562850106
37.44,0.0704177633237684,0.230267012071729
37.45,0.0525071764941628,0.341035144473014
37.46,0.0384058889592683,0.257564856378675
37.47,0.0277251185012736,0.259391354015246
37.48,0.020062466041847,0.217013344580586
37.49,0.0150038781080238,0.314021388320844
37.5,0.0121195279934932,0.372273244542602
37.51,0.010959272502426,0.291574873535871
37.52,0.0110540216941019,0.275661984801352
37.53,0.0119278348637162,0.252166822363822
37.54,0.0131221180282937,0.328195363851292
37.55,0.0142289530814261,0.342094048317009
37.56,0.0149267474864893,0.0660022254586338
37.57,0.015009393498378,0.183781293529887
37.58,0.0144007581250423,0.276651081510136
37.59,0.0131495369807669,0.312775067718745
37.6,0.0114043939710482,0.219084000059322
37.61,0.00937440947581025,0.148302334657294
37.62,0.00728362954234649,0.195931062574065
37.63,0.0053298359007169,0.156294488741657
37.64,0.00365621649763665,0.175879029562331
37.65,0.00234095177613353,0.168961897732715
37.66,0.00140504009618409,0.253700383796578
37.67,0.000834393052233521,0.165822859241377
37.68,0.000609516089415351,0.112246652048549
37.69,0.000735518949020957,0.234489541861133
37.7,0.00126660347479868,0.0983369074334125
37.71,0.00232178230664221,0.149266890609538
37.72,0.00409135344838676,-0.00783522830169416
37.73,0.00683568251147616,0.211116442729402
37.74,0.0108786494669783,0.25738747527214
37.75,0.0165977670395809,0.0804599231337732
37.76,0.024411976537919,0.432725306617368
37.77,0.0347671463411226,0.166671127839383
37.78,0.048118873482032,0.150133894987081
37.79,0.0649124978660647,0.240518602299151
37.8,0.085561055291303,0.305772327168724
37.81,0.110422724066246,0.263802753745942
37.82,0.139779648614019,0.358765376568991
37.83,0.173819580717985,0.271127816219992
37.84,0.212620683294073,0.428141681687577
37.85,0.256138573947524,0.411287912122782
37.86,0.304193894556249,0.588323763798164
37.87,0.356458907864716,0.5083142714127
37.88,0.412442993177318,0.519643620869657
37.89,0.471479092415612,0.583641875093857
37.9,0.532715375862315,0.669957398749048
37.91,0.595117722263854,0.617264076067477
37.92,0.657488295131178,0.659024862752385
37.93,0.718503295216012,0.866300178727387
37.94,0.776769269837887,0.861374207839013
37.95,0.830893119158354,0.790426360000431
37.96,0.879557391773721,0.881942879195869
37.97,0.921590718057728,1.01201333399197
37.98,0.956023900510994,1.13559039078669
37.99,0.982125157713675,1.0865289358855
38,0.999412492566391,1.0914812769539
38.01,1.00764586656495,1.06666112448865
38.02,1.0068055003301,1.04760748561016
38.03,0.997064239937299,1.04658769551865
38.04,0.97876123119385,1.1157576587022
38.05,0.952381547384708,1.00671959225412
38.06,0.918542883340081,1.03279388769532
38.07,0.877987129739665,0.950265525802352
38.08,0.831572565471014,0.936321759042343
38.09,0.780262058648747,0.948315528791224
38.1,0.725103951399337,0.868874100302602
38.11,0.66720461048115,0.736191516539272
38.12,0.607694090147511,0.592836716243095
38.13,0.547688174143203,0.649917196615876
38.14,0.488250768750358,0.546808874502454
38.15,0.430360187780431,0.38876340951745
38.16,0.374881678996772,0.486616588840634
38.17,0.322547165810826,0.416662139685586
38.18,0.273942143708722,0.23588273424623
38.19,0.229499247210794,0.455632090026689
38.2,0.18949812197366,-0.0548878176876335
38.21,0.154071559255345,0.208590129461614
38.22,0.123217949076038,0.0846629752625791
38.23,0.096819684501361,0.110068815589251
38.24,0.0746661897259076,-0.0127439654583509
38.25,0.0564790560425064,0.0326856111808611
38.26,0.0419358692592901,-0.0114660506954766
38.27,0.030689214278738,0.0663230254407995
38.28,0.022378328400451,0.0549828099786202
38.29,0.0166328355732055,0.0712941777076032
38.3,0.0130704172492555,0.0412032961112985
38.31,0.0112923916593542,0.000127340753529123
38.32,0.0108822128658093,-0.00205876778493233
38.33,0.0114113770419556,0.153716603811009
38.34,0.0124551337359957,0.0715329172587932
38.35,0.013617270194309,-0.00307720875807152
38.36,0.0145599821917441,0.11904770260003
38.37,0.0150324884307481,0.0312875556009808
38.38,0.0148913872191759,-0.0177379114909292
38.39,0.014107100236038,-0.0975584844475684
38.4,0.0127537964881008,0.00481222802401058
38.41,0.0109841101049696,0.0107704114178108
38.42,0.00899365339801054,-0.0898379649569741
38.43,0.00698274309669557,-0.126517619363261
38.44,0.00512324909934164,-0.160726882762339
38.45,0.00353696384710383,-0.131452012730358
38.46,0.002288880075398,0.0176316990257542
38.47,0.0013951617651142,-0.03630026507868
38.48,0.0008424102379444,-0.152809280573924
38.49,0.00061286890005091,-0.209207773269816
38.5,0.000709843835636357,-0.308582633800888
38.51,0.00117870171526849,-0.163130893770956
38.52,0.00212078786315931,-0.051395687522087
38.53,0.00369974371091912,-0.185653087610789
38.54,0.00614132795519206,-0.0648430343933366
38.55,0.00972858110620709,0.0514706331549389
38.56,0.0147940182938695,-0.256468501908053
38.57,0.0217098137663298,-0.0873934418348083
38.58,0.030876133221174,-0.148051069101491
38.59,0.0427073053580554,0.0169372625539861
38.6,0.0576156079523343,-0.0460994127235549
38.61,0.0759929929620704,-0.00176502449855975
38.62,0.098191773701861,0.00390589707725489
38.63,0.124505749773004,0.0319642333721558
38.64,0.155153163339552,0.0675657794620054
38.65,0.190262221854842,-0.00472739510660197
38.66,0.229858930746045,0.211650394181593
38.67,0.273856098831087,0.271653336559667
38.68,0.32204207744233,0.181456320434042
38.69,0.374068361360178,0.226916328678926
38.7,0.429436579406849,0.145359278948639
38.71,0.487487240392634,0.359726949272544
38.72,0.547394228590887,0.222037787208774
38.73,0.608169774465061,0.442835725600752
38.74,0.668683982190102,0.396695525952303
38.75,0.727700902123735,0.506775489256028
38.76,0.783929995685289,0.611085277329027
38.77,0.836088440266524,0.715304579890625
38.78,0.882967010918278,0.829518577602972
38.79,0.923491068460658,0.721229286117941
38.8,0.956768897881941,0.769330012424173
38.81,0.982122150596033,0.791182207049481
38.82,0.999096803394821,0.785397450339544
38.83,1.00745687788514,0.806836126324919
38.84,1.0071661508839,0.88661407728079
38.85,0.998364479777311,0.959734874781435
38.86,0.981344903817975,0.926170569242901
38.87,0.956535647555464,0.765172803960155
38.88,0.924488269317715,0.787525331218374
38.89,0.885870385124301,0.6536603619488
38.9,0.841459479343818,0.533536648023129
38.91,0.792133767886444,0.644399011325473
38.92,0.738856923224171,0.576987422458268
38.93,0.682655289441452,0.616986038782358
38.94,0.62458833924897,0.414943001010119
38.95,0.565714868498348,0.23043269878775
38.96,0.507058314278163,0.329206037768518
38.97,0.449574492697107,0.125172143427758
38.98,0.39412420059621,0.0990370933875098
38.99,0.341451953466867,0.096233877503177
39,0.292171111551694,0.0454136056071215
39.01,0.246755092399989,-0.0765621085697871
39.02,0.205534329298371,0.073968391114294
39.03,0.168698898898277,-0.0245032421121284
39.04,0.136306951141207,-0.156895228928373
39.05,0.10829890435533,-0.180927822833846
39.06,0.0845166865711138,-0.237030350138741
39.07,0.0647262562050432,-0.132110023963799
39.08,0.0486406090544613,-0.107300616649388
39.09,0.0359399600090471,-0.228094848081023
39.1,0.0262861603049693,-0.121173393380717
39.11,0.0193297745164219,-0.236189310290522
39.12,0.0147103258149533,-0.195612422243473
39.13,0.0120524323886493,-0.13053653119762
39.14,0.0109621679021539,-0.283582628378556
39.15,0.0110283566548886,-0.213591186615631
39.16,0.0118323745279872,-0.180111113775204
39.17,0.0129675630857707,-0.256179751301527
39.18,0.0140662273373404,-0.210222437031671
39.19,0.0148293069209553,-0.190294665799173
39.2,0.0150521074201805,-0.128095862749433
39.21,0.0146395671051748,-0.150763503936486
39.22,0.0136065078424426,-0.257878357605637
39.23,0.0120616981888411,-0.180094396073774
39.24,0.0101784225004235,-0.107498844986127
39.25,0.00815751894243,-0.285060604776801
39.26,0.00619060619319385,-0.124154560549742
39.27,0.00443099553001659,-0.350065826516285
39.28,0.0029776977929387,-0.314544808517423
39.29,0.00187463294069048,-0.233777425385218
39.3,0.00112359929464099,-0.382641069961047
39.31,0.000706732512180113,-0.221798739338001
39.32,0.000612762195257937,-0.418629940815509
39.33,0.000861558853308167,-0.307830425111986
39.34,0.00152295705844603,-0.32436895181168
39.35,0.00272798689634529,-0.172633305785142
39.36,0.00467268494975793,-0.333614539450181
39.37,0.00761598821041957,-0.139100239658752
39.38,0.0118735859587313,-0.303631162670088
39.39,0.0178091536781731,-0.25979249548187
39.4,0.0258235460598253,-0.290969233049746
39.41,0.0363417953946184,-0.127850380160638
39.42,0.0497975253358379,-0.306563287404292
39.43,0.0666147423342011,-0.124082400331142
39.44,0.0871876953814271,-0.0842924128243366
39.45,0.111860189739226,-0.167593959537643
39.46,0.140905991803588,-0.212145710353894
39.47,0.174511558144043,-0.0161047301025906
39.48,0.212761366361379,-0.113132531471989
39.49,0.255625022596455,-0.0632563286345377
39.5,0.302944621780464,0.000554972414557318
39.51,0.354421008923855,0.0326103622763632
39.52,0.409598793371617,0.295622537338855
39.53,0.467851938061599,0.270801441906793
39.54,0.528373833536905,0.309776350264557
39.55,0.590177139539127,0.298936233782342
39.56,0.652108616087195,0.491573111639799
39.57,0.71288235150492,0.387595253842598
39.58,0.771131476081421,0.511017524359568
39.59,0.825474423188367,0.671141200508302
39.6,0.874588189429598,0.55810485327608
39.61,0.917278954037529,0.67933633415432
39.62,0.952540558315474,0.65100317880015
39.63,0.97959378708175,0.709561858675147
39.64,0.997903509807427,0.755620138950991
39.65,1.00717538833646,0.755230680049141
39.66,1.0073377384959,0.848909435816176
39.67,0.998516192629731,0.814141038839326
39.68,0.981008577430027,0.813284750349854
39.69,0.955265141469351,0.791169531112338
39.7,0.92187579956297,0.797993756538269
39.71,0.881562579210743,0.670739388886964
39.72,0.835173048029367,0.659951019730599
39.73,0.783669827691624,0.530430630067716
39.74,0.728112398259784,0.494396062895519
39.75,0.669629723425349,0.489641589161718
39.76,0.609384891250198,0.361126168345563
39.77,0.548535068036223,0.298979738755012
39.78,0.488191014066717,0.292083050494256
39.79,0.429380102620861,0.336023547553036
39.8,0.373015575864792,0.0471653868592893
39.81,0.3198732891779,0.0694059924963615
39.82,0.270576047987687,0.0901620256510004
39.83,0.225585164648048,0.0420222836334077
39.84,0.185199000561112,-0.135224884520387
39.85,0.149558620921607,-0.114954682257379
39.86,0.118660765173994,-0.17446680399315
39.87,0.0923777629131183,-0.112667145517372
39.88,0.0704827964657624,-0.0237990135661856
39.89,0.052677428623006,-0.14473864095415
39.9,0.0386172453822874,-0.173517197264621
39.91,0.0279314641744025,0.0152098015633486
39.92,0.0202337590513903,-0.219053382974825
39.93,0.0151241550845265,-0.164300996248276
39.94,0.0121849063151533,-0.200825855013736
39.95,0.0109757374647457,-0.245497194154764
39.96,0.0110346987466302,-0.122005872181812
39.97,0.0118896092781253,-0.209025333354927
39.98,0.0130818186286769,-0.0955167521170251
39.99,0.0141997005494597,-0.192586401176383
40,0.014915283279914,-0.168049403022422
40.01,0.0150151108450761,-0.219162516239741
40.02,0.0144167391999773,-0.178108648085481
40.03,0.0131652946822961,-0.120452541736883
40.04,0.0114094555537124,-0.309381144073821
40.05,0.00936159721928838,-0.229153984521586
40.06,0.00725102399681243,-0.12592006805474
40.07,0.0052809196675369,-0.235976282053558
40.08,0.0035984042779385,-0.0681554556864164
40.09,0.00228334840715844,-0.22670337051373
40.1,0.00135659654104766,-0.212622740618215
40.11,0.000803543814228468,-0.159406909144288
40.12,0.000605942331979066,-0.160395824757178
40.13,0.00077408556751622,-0.155873173792226
40.14,0.0013730017137129,-0.0988160223266287
40.15,0.00253914150287874,-0.0821973380231322
40.16,0.00448709787424689,-0.268557791441619
40.17,0.00750809566468086,-0.040838581513096
40.18,0.0119627919895431,-0.00211226744530117
40.19,0.0182704307924399,-0.160677280338663
40.2,0.0268952152541453,-0.239596672908224
40.21,0.0383297045563547,-0.205267453484156
40.22,0.053074717059081,-0.209315679789315
40.23,0.0716157766336093,-0.0099284753969023
40.24,0.0943972146963149,0.0420330821058556
40.25,0.121795975364099,0.139783117570569
40.26,0.154097346419384,0.0832394616359579
40.27,0.191474013445699,0.171816824868621
40.28,0.233968308933541,0.0991032781536215
40.29,0.281476051375167,0.11496752860813
40.3,0.333729816561664,0.271300936395208
40.31,0.390280435421157,0.33670974285072
40.32,0.450477922670267,0.207351269359057
40.33,0.513456145404318,0.514527047580337
40.34,0.578128084214106,0.458429252775737
40.35,0.643199238751598,0.566900299747628
40.36,0.707204812265979,0.562092649075756
40.37,0.768571900964898,0.75882931271826
40.38,0.825702104064095,0.738744717847521
40.39,0.877064504760471,0.709422697948647
40.4,0.921285663191742,0.89385171224098
40.41,0.957223330448978,0.778215766175487
40.42,0.984014191395874,0.925008842726305
40.43,1.00109205631779,0.962259385830815
40.44,1.0081796816689,1.18735007665424
40.45,1.00526273245916,1.01258100041793
40.46,0.992556737882192,0.860553645369009
40.47,0.970476718953459,0.973886762567824
40.48,0.93961516155808,0.908445595393089
40.49,0.900728762638442,0.898546204988326
40.5,0.854729789488429,0.709076460932919
40.51,0.802675474043332,0.924219499932124
40.52,0.745749226957452,0.780934080325374
40.53,0.685230162597044,0.649101528666267
40.54,0.622451245212921,0.457686837319289
40.55,0.55874981272534,0.591482127416398
40.56,0.495416158162027,0.388023203683136
40.57,0.433645841494934,0.346881058252744
40.58,0.374499866238746,0.429159031494645
40.59,0.318874718378808,0.392379381238229
40.6,0.26748251852795,0.255379677612227
40.61,0.220840768675461,0.11104033148791
40.62,0.179271333972908,0.0160464001852421
40.63,0.142908791201185,0.0593962609914487
40.64,0.111718313159943,0.0879074890803023
40.65,0.0855223223260053,0.0429848407480244
40.66,0.0640333138754699,0.128516370120093
40.67,0.0468882279294984,0.0235490958993078
40.68,0.0336785991149473,0.117077073525065
40.69,0.0239713292530005,0.168578321911647
40.7,0.0173175752242081,0.0340206072764479
40.71,0.0132512918821842,-0.039271316099557
40.72,0.0112830431751439,-0.0244300675842285
40.73,0.0108971611969029,0.134185511149892
40.74,0.0115599695542145,-0.0472493145902863
40.75,0.0127433436649456,0.21002497017816
40.76,0.0139622914666169,0.108718259851289
40.77,0.0148193696440463,0.167190716699322
40.78,0.0150447497564978,0.0350179498298867
40.79,0.0145202367096529,0.0455120837786656
40.8,0.0132789667591382,0.134527669083264
40.81,0.0114789234794769,0.0851133403347811
40.82,0.00935576069309491,0.14839727513605
40.83,0.00716629014620591,0.087322241816505
40.84,0.0051364562470225,0.0888795817297662
40.85,0.00342594392493387,0.245811024705193
40.86,0.00211643779126223,0.146166372073703
40.87,0.00122379247115806,-0.0770949875777987
40.88,0.000728235786774504,0.169048468715545
40.89,0.000613058878692477,0.0600542841661033
40.9,0.000901868643561265,0.1210841996554
40.91,0.00168697411415192,0.230097900162922
40.92,0.00314548856074091,0.261611282306819
40.93,0.00554357092827475,-0.0264863230874507
40.94,0.00923159201770984,0.0163210083561574
40.95,0.0146334216997221,0.181720754284267
40.96,0.0222319341202022,0.105770513135653
40.97,0.0325512430526841,0.132348768197886
40.98,0.046135165321758,0.28523979755032
40.99,0.0635215391122217,0.170191301047914
41,0.085213142143444,0.138251547227343
41.01,0.111647312273926,0.236814485650051
41.02,0.14316705366808,0.356718425971079
41.03,0.179995846970394,0.353899462481156
41.04,0.222216697959309,0.439932474161869
41.05,0.269753976145009,0.288279437373909
41.06,0.322355464864755,0.494353274241797
41.07,0.379572682488388,0.600233961262331
41.08,0.440740103769731,0.718855220212417
41.09,0.504957614971114,0.456500993232843
41.1,0.571083843773526,0.681411884440652
41.11,0.63774923809823,0.87780522475626
41.12,0.703395831209147,0.923179612059047
41.13,0.766345561735669,0.975105077853589
41.14,0.824892113221628,0.87914315442567
41.15,0.877404667751734,1.03657997180064
41.16,0.922428003682885,0.936808165721231
41.17,0.958763521224608,1.14985938237276
41.18,0.9855201966143,1.0979069087499
41.19,1.00213181822178,1.08095188066914
41.2,1.00834479890527,1.21805052505803
41.21,1.00418686522265,1.34845890585051
41.22,0.98992920569812,1.06354546651158
41.23,0.966052784056379,1.09856528755007
41.24,0.933224515190935,1.12198953274258
41.25,0.892282901242748,1.04214768071573
41.26,0.844227781491968,0.969060093742661
41.27,0.790206683469798,1.04922409647458
41.28,0.731491321366605,0.862983319190758
41.29,0.669441289774789,0.870375541439956
41.3,0.605456357975599,0.899506119982864
41.31,0.540922287635104,0.787250810176342
41.32,0.477156646920463,0.567763178823078
41.33,0.415360489019627,0.740948364463409
41.34,0.356579698503074,0.62203617386956
41.35,0.301677436790061,0.543046008546008
41.36,0.251317465553478,0.466302014060005
41.37,0.205957633841318,0.363609129291516
41.38,0.165853191493029,0.328088365270396
41.39,0.131070048551008,0.284412049210732
41.4,0.101507823534072,0.221146075583906
41.41,0.0769311577253284,0.351846653945743
41.42,0.0570056752007053,0.181774102392874
41.43,0.0413330976490789,0.309552464749358
41.44,0.0294795025335923,0.197403256746035
41.45,0.0209922629875963,0.327618682891276
41.46,0.0154047095482916,0.336302049223433
41.47,0.0122319645732915,0.253058888341804
41.48,0.0109650861462135,0.282725972374256
41.49,0.0110720315048746,0.274269003139576
41.5,0.0120121516770624,0.141439676300984
41.51,0.013266266624409,0.320466400465125
41.52,0.014378306313386,0.320006652697366
41.53,0.0149991720675818,0.186723702789384
41.54,0.0149208978052735,0.180320935151902
41.55,0.0140905052201303,0.288834512210065
41.56,0.0125979264290951,0.172063286412134
41.57,0.0106394697629078,0.271576993712015
41.58,0.00846520719579838,0.306661064033178
41.59,0.00632309842487729,0.232762840793625
41.6,0.00441323618326036,0.24126668625624
41.61,0.0028622450863362,0.196738442402959
41.62,0.00172185525257992,0.225915024182029
41.63,0.000989073614921853,0.204685920610841
41.64,0.000640289801453136,0.452931042078887
41.65,0.000669464408479095,0.298520365203844
41.66,0.00112149999728753,0.341191679730291
41.67,0.00211512823867649,0.214449808392726
41.68,0.00385364166521646,0.237255933391565
41.69,0.00662503313034076,0.476269475272884
41.7,0.0107946381345753,0.194308189714193
41.71,0.0167931275243186,0.215212404988578
41.72,0.0251013544349739,0.263458424222663
41.73,0.0362321496101342,0.374070499528205
41.74,0.050708538951435,0.0598709703906397
41.75,0.0690383190068177,0.482277966080766
41.76,0.0916861092911189,0.252794721273781
41.77,0.119045123380603,0.269144986146512
41.78,0.151411195627245,0.371819175982175
41.79,0.188960736793517,0.488951366301473
41.8,0.231732587201672,0.410395609780857
41.81,0.279612044897079,0.375735485464712
41.82,0.332314671976111,0.538704631278208
41.83,0.389368478926469,0.660535924814517
41.84,0.450095681582979,0.763499306714375
41.85,0.513598541402805,0.848202569081439
41.86,0.578756439859835,0.786656227114341
41.87,0.644241928840574,1.00303936292247
41.88,0.708561282868368,1.04524224028597
41.89,0.770120301648543,0.973044660672761
41.9,0.827310035251434,1.13925026135719
41.91,0.878601616670323,1.20099887069139
41.92,0.922636339364961,1.04889788725493
41.93,0.958297645184108,1.31574604558575
41.94,0.984755767606618,1.21299264297649
41.95,1.00148220140665,1.27492727437171
41.96,1.00823796239066,1.23325266326941
41.97,1.00504469296265,1.18045022938405
41.98,0.992149621051427,1.3435912421969
41.99,0.969993853121999,1.30304913582122
42,0.939189306794316,1.08009753566145
42.01,0.900504410949366,1.12423599319643
42.02,0.854854357011318,1.12144504645373
42.03,0.803289544861248,0.882418086239031
42.04,0.746976394548766,0.93126107643017
42.05,0.687167371485527,0.944085344253456
42.06,0.625160686958209,0.814388024191615
42.07,0.562253305152,0.613913917537281
42.08,0.49969259144872,0.594426845761338
42.09,0.438631852007702,0.576399682917411
42.1,0.380093543152812,0.603777036774723
42.11,0.32494192844255,0.387399510570773
42.12,0.27386531890656,0.519771802519769
42.13,0.227367273191158,0.516374660625397
42.14,0.185766230962645,0.342455183043581
42.15,0.1492035025683,0.424579014933572
42.16,0.117659665486007,0.393260375287617
42.17,0.0909787521769368,0.28522519926553
42.18,0.0688981627613074,0.233553268182122
42.19,0.0510805316134704,0.227107680781828
42.2,0.0371426616172218,0.0759363641045899
42.21,0.0266768809113401,0.258222739789328
42.22,0.0192620788496065,0.230495024983434
42.23,0.0144648643654749,0.184274244794868
42.24,0.0118347662593294,-0.0259787760465456
42.25,0.0108998838775812,0.211522683830203
42.26,0.0111698266321222,0.231187036458203
42.27,0.0121507353820944,0.114517309823387
42.28,0.0133731229691509,0.263879659751171
42.29,0.0144284517992376,0.227823982517853
42.3,0.0150064067445446,0.0846130769390551
42.31,0.0149231539831062,0.100265967720953
42.32,0.0141322188188225,0.155855841838968
42.33,0.0127136909924915,0.0901790792411474
42.34,0.0108430717866356,0.0811569134930306
42.35,0.00874648415861646,0.268779676949661
42.36,0.00665250545307627,0.0626741434210074
42.37,0.00475150287937419,0.171320337599268
42.38,0.00317096293753212,0.0213914117588699
42.39,0.00197076925799924,0.141429584026096
42.4,0.00115718323193787,0.18372894086502
42.41,0.000709995776596985,0.223845232091092
42.42,0.000615087243229506,0.0423912803206177
42.43,0.00089481819025088,0.0696387123543605
42.44,0.00163081806730456,0.198678838676539
42.45,0.00297681349883801,0.172588057463412
42.46,0.00516197517767847,0.101451787719698
42.47,0.00848699156324475,0.128659161323791
42.48,0.0133154021080449,0.0874504823926365
42.49,0.0200619468554927,0.187258472027116
42.5,0.0291785050529724,0.164110781448467
42.51,0.0411373359512312,0.137564336142938
42.52,0.0564112458253828,0.0895394417216051
42.53,0.0754509707927133,0.195246289259011
42.54,0.0986610540169872,0.169944949316081
42.55,0.126376196832745,0.0694571993209723
42.56,0.158839998986359,0.170363372939647
42.57,0.1961870826179,0.145933989355858
42.58,0.238428187914545,0.394546905172424
42.59,0.285436626111546,0.484736357238933
42.6,0.3369341869661,0.600170891117495
42.61,0.392475613553911,0.634994758873778
42.62,0.451432921678917,0.459499046479319
42.63,0.512983440943877,0.477689798773891
42.64,0.576107443480707,0.587719192362198
42.65,0.639601612339802,0.799609775297841
42.66,0.70211285013801,0.677484426534994
42.67,0.762193224605979,0.757018427623205
42.68,0.818372103741693,0.806743506482505
42.69,0.869237126400177,0.891770509001186
42.7,0.913512975283818,1.0076187283756
42.71,0.950126893364355,0.867057723594552
42.72,0.978252634923222,1.01100632205968
42.73,0.997329323310407,0.888020435071782
42.74,1.00705711652962,1.11751929081892
42.75,1.00737608952328,1.10055565301699
42.76,0.998437085200569,1.04042668037548
42.77,0.980572943036935,0.979367093718199
42.78,0.954275827242366,1.05007574701826
42.79,0.920182400284536,0.979971644902602
42.8,0.879064701103206,0.792328232797343
42.81,0.831822018346708,1.03684820940719
42.82,0.779468477841024,0.728856680179601
42.83,0.723112442801105,0.637809770002908
42.84,0.66392646494535,0.691906730763917
42.85,0.60310939534072,0.614164191361453
42.86,0.541844393382329,0.540186543833085
42.87,0.481257383687546,0.349699032690831
42.88,0.422379980090093,0.409084020921011
42.89,0.366119486363657,0.372990163698214
42.9,0.313236996800685,0.465181339225765
42.91,0.264333479987539,0.170829696182522
42.92,0.219843327485725,0.244628219102691
42.93,0.180035055282182,0.0735293294090334
42.94,0.145019211613212,0.127936486536433
42.95,0.114763549539588,-0.00677263142724836
42.96,0.0891148496442277,-0.118738255788551
42.97,0.0678254983228836,-0.168157672988679
42.98,0.0505815062322252,0.0651521967039839
42.99,0.0370277710182743,-0.0150573416800134
43,0.0267866484610827,-0.00392476634803574
43.01,0.0194675225390657,-0.210223887618198
43.02,0.0146677474049718,-0.0651645449515181
43.03,0.0119682739087152,-0.0517153527710678
43.04,0.010929436925806,0.0681969115899502
43.05,0.0110928755806963,-0.122826083593236
43.06,0.0119939935040373,-0.00536933253108559
43.07,0.0131860452857343,-0.0737552215921859
43.08,0.0142728145807095,0.000773094251055914
43.09,0.0149432476198141,-0.0629380241404214
43.1,0.0149995659545079,-0.0668601616438345
43.11,0.0143710362271254,-0.09635751851612
43.12,0.0131086698483206,-0.0805475388218438
43.13,0.0113608132827163,-0.0856185532545733
43.14,0.00933448882317547,-0.11137166748851
43.15,0.00725099010669502,-0.114609169142919
43.16,0.00530555403771445,-0.0398742492281862
43.17,0.00363958645919785,-0.127498420661212
43.18,0.00233040598659543,-0.18380952202206
43.19,0.00139892098529637,-0.128493032862284
43.2,0.000831443853094927,-0.225951581349506
43.21,0.000609133854032023,0.00979698115250956
43.22,0.000737928314281931,0.0692216088639421
43.23,0.00127313978824752,-0.134935354364764
43.24,0.00233543233851745,-0.134196759526265
43.25,0.0041176282429446,-0.214390991183606
43.26,0.00688382583260865,-0.111358694558734
43.27,0.010963133926043,-0.056313463234005
43.28,0.0167399938934934,-0.0692417332770802
43.29,0.0246420592356179,-0.127175456179618
43.3,0.0351256129685116,-0.0181314824151301
43.31,0.0486580767369531,0.0333542756958933
43.32,0.0656974947438707,-0.118555004596776
43.33,0.0866697333696966,-0.0411487917826546
43.34,0.111945009431759,0.0397178318365438
43.35,0.141815706269024,-0.0483357681949496
43.36,0.176476966260346,0.017366600520874
43.37,0.216010384923956,-0.044741221710218
43.38,0.260369793051767,0.0152092152602341
43.39,0.309367303187898,-0.0589188338279709
43.4,0.362658091627287,0.127837900756816
43.41,0.419723946508654,0.195492709168306
43.42,0.479858040339931,0.380808527410945
43.43,0.542155813689284,0.267920640927453
43.44,0.605518238189526,0.409761817803364
43.45,0.66867323253905,0.444198342623579
43.46,0.730218379786624,0.506134763287343
43.47,0.788683825354307,0.60418643801028
43.48,0.842609456150029,0.765100725585589
43.49,0.890626606417799,0.598347110939298
43.5,0.931532863558629,0.78379632549583
43.51,0.964349694562935,0.704972718747085
43.52,0.988356351867109,0.692134613905243
43.53,1.00309879756219,0.863080976201737
43.54,1.00837766929379,0.695926647534345
43.55,1.00422307637096,0.716560179622945
43.56,0.990865250380874,0.858399041179017
43.57,0.968708604353915,0.744981784505846
43.58,0.938313265504932,0.84786099628612
43.59,0.900383924755669,0.89848764885982
43.6,0.855762316164408,0.651406733921654
43.61,0.8054178779097,0.644390199380011
43.62,0.750431544032661,0.536053872508117
43.63,0.691969799814576,0.421967025184363
43.64,0.631249166017338,0.347352120436979
43.65,0.569494042198447,0.427700826996404
43.66,0.507892460779187,0.336927946537602
43.67,0.447554436827097,0.254660580678462
43.68,0.389476492555172,0.228628263488063
43.69,0.334514257319317,0.0105971409472715
43.7,0.283363551710486,-0.0388986109368093
43.71,0.23654957331514,0.0133198007467448
43.72,0.194423782342074,0.000917203882509412
43.73,0.157168475404201,0.011382927656198
43.74,0.12480925375711,0.00408165514329904
43.75,0.0972351529349047,-0.128077221716515
43.76,0.0742249893084884,-0.254698988624394
43.77,0.0554768569985253,-0.282466677851444
43.78,0.0406363932865213,-0.279299428944358
43.79,0.0293191911157206,-0.1025320564613
43.8,0.0211240285922055,-0.19070260940123
43.81,0.0156362809871854,-0.110032165711405
43.82,0.0124242283458529,-0.287598173783612
43.83,0.0110338136753468,-0.239338338790974
43.84,0.010988596106673,-0.184832738059273
43.85,0.0118005036150843,-0.206946412789304
43.86,0.0129936330458273,-0.328836328614403
43.87,0.0141387135154474,-0.352961946464816
43.88,0.0148914411254617,-0.429343112748071
43.89,0.0150252588685982,-0.181904386598673
43.9,0.0144493422099608,-0.186992801895158
43.91,0.0132056990089245,-0.236752033765327
43.92,0.0114445461941364,-0.0754474758261669
43.93,0.00938289527262731,-0.218346706133247
43.94,0.00725577152869971,-0.28239677002606
43.95,0.00527132063030745,-0.151101395800554
43.96,0.00357970766990251,-0.166085269463771
43.97,0.00226170480334338,-0.30422572336636
43.98,0.00133753717899928,-0.243045051059836
43.99,0.000791592521238973,-0.177945768658006
44,0.000605428711176108,-0.172855612646898
44.01,0.000790851337939946,-0.259163041524389
44.02,0.0014164958792203,-0.350466753480954
44.03,0.0026244081581942,-0.113192024951908
44.04,0.00463631163085756,-0.232772776902345
44.05,0.0077514888492065,-0.277310971777678
44.06,0.0123389514154582,-0.259619079376714
44.07,0.0188259801397724,-0.262966622419695
44.08,0.0276838660140508,-0.355305887546443
44.09,0.0394106187172298,-0.220045686300721
44.1,0.054510140480758,-0.111480047794391
44.11,0.0734679944712604,0.0119284602500015
44.12,0.0967250151187779,-0.189790398539142
44.13,0.124650913867153,-0.133318039202507
44.14,0.157520113023991,-0.0318974731514775
44.15,0.195491098380306,-0.0589863258682071
44.16,0.238588985605085,-0.0445230815955256
44.17,0.286689547563789,0.0208261148614231
44.18,0.339502531236598,0.119174653462552
44.19,0.396553234190405,-0.0198695430550834
44.2,0.457163873864978,0.169772729594491
44.21,0.520439413998015,0.295996252505193
44.22,0.585264907453452,0.391724776212872
44.23,0.650321816355683,0.339525432640904
44.24,0.714128503649355,0.435211371222397
44.25,0.775105415941307,0.410445201140149
44.26,0.83165960499367,0.640382929439895
44.27,0.882277961389709,0.706030757720586
44.28,0.925615626819278,0.694272954005716
44.29,0.960566603839368,0.738906425201338
44.3,0.986307581611163,0.563001267104544
44.31,1.00231228595006,0.894653883570946
44.32,1.00834031715737,0.76498903826289
44.33,1.00440942829668,0.739056092557513
44.34,0.990762085300548,0.776653427260034
44.35,0.967835584537971,0.802132558059816
44.36,0.936240796859464,0.850030882851605
44.37,0.896749405505268,0.717578752861221
44.38,0.850285163820907,0.551927766978206
44.39,0.797912613239676,0.585133297876541
44.4,0.740817346327477,0.544953315205245
44.41,0.680274734042713,0.490954807713741
44.42,0.617607800669587,0.495950429660271
44.43,0.55413818568822,0.348829006058708
44.44,0.491135824771628,0.232387821119144
44.45,0.429772800414702,0.347136874489814
44.46,0.371085212250135,0.398859454015349
44.47,0.315944827117737,0.102302071321703
44.48,0.265040626104105,0.152902986522595
44.49,0.218869689783863,0.120425466725499
44.5,0.177737059777117,0.0686488949700264
44.51,0.14176468641399,-0.0710520755579488
44.52,0.110909571809375,-0.0138390238937283
44.53,0.0849902776856148,0.00769033399474976
44.54,0.0637191957571936,0.129845653056425
44.55,0.0467360733091843,-0.0917648125700538
44.56,0.0336372479602705,-0.128569563615735
44.57,0.0239957037865938,-0.217253054497489
44.58,0.0173696288788543,-0.144305323743198
44.59,0.0133010155438797,-0.090326114016706
44.6,0.0113096951107275,-0.0928737165037883
44.61,0.0108905147185888,-0.216343732148143
44.62,0.0115210125337444,-0.140108080588223
44.63,0.0126837075268849,-0.223203832223797
44.64,0.0139018639411407,-0.100050847868041
44.65,0.0147820509527232,-0.121603521216344
44.66,0.0150529882199716,-0.0285429082609976
44.67,0.0145895653293384,-0.111300304065749
44.68,0.0134139947038415,-0.041094056261722
44.69,0.0116719671881848,-0.0732201229234546
44.7,0.00958856969079606,-0.187517599885794
44.71,0.00741436292956926,-0.238097519748365
44.72,0.00537458922334287,-0.121092938543947
44.73,0.00363322398835905,0.0590643563818067
44.74,0.00227903714106054,-0.0538144223069229
44.75,0.00133459395340935,-0.0708784972681976
44.76,0.00078325425538517,-0.059039397449124
44.77,0.000605485311318106,-0.00412168792261632
44.78,0.000815058644002449,0.0311116640615083
44.79,0.00148771032868383,-0.0229903847815484
44.8,0.00277845565449768,0.00767237799745516
44.81,0.00492743446545775,-0.00754102489594454
44.82,0.00825664333860682,0.0285208558323178
44.83,0.0131606150470444,0.0168947429612436
44.84,0.0200932982574011,-0.193457239147621
44.85,0.0295519318810554,-0.112927204244004
44.86,0.0420575882109148,-0.0561525607007405
44.87,0.0581319155270112,-0.0192986743931325
44.88,0.0782704565619425,0.162848028120112
44.89,0.10291418291656,0.0649236361777786
44.9,0.13242174129347,0.151897485728895
44.91,0.167044726967833,0.0828367000742316
44.92,0.20690701052057,0.162736408632443
44.93,0.251987316719142,0.181869367955922
44.94,0.302102870514175,0.237153775978918
44.95,0.356891914114399,0.451009000548881
44.96,0.415794656032352,0.394829817500314
44.97,0.478035317722875,0.465007838102172
44.98,0.542611228983666,0.500424250653364
44.99,0.608296891953403,0.524962444889238
45,0.67367036646404,0.625477469262849
45.01,0.737165841996482,0.611453864759687
45.02,0.79715056469674,0.770462819607295
45.03,0.852018027195559,0.770010252543643
45.04,0.900284537756253,0.977171142195202
45.05,0.940674651644627,1.04669576267674
45.06,0.972183174033507,0.867210536521032
45.07,0.994106952141379,0.882704630413262
45.08,1.00604677900988,0.96281286188665
45.09,1.00788622212181,1.00213275366982
45.1,0.99975810798093,1.01248233076427
45.11,0.98200970833066,1.05177736973732
45.12,0.955174609770446,0.883275752851692
45.13,0.919954148905759,0.952509903744064
45.14,0.877206084203068,0.842384875861371
45.15,0.827934640201991,0.799487961655219
45.16,0.773275224777666,0.840382815823113
45.17,0.714468949674619,0.751014139233973
45.18,0.65282559949064,0.73964131884611
45.19,0.589677434364017,0.557260979021117
45.2,0.526328836232088,0.570167899982236
45.21,0.464007590443369,0.490048493511087
45.22,0.403822618652973,0.529434595018055
45.23,0.346730991135558,0.391616381501324
45.24,0.293515044917976,0.280268610852025
45.25,0.244769196950676,0.356160745226944
45.26,0.200895802685966,0.300178080209912
45.27,0.162109814857678,0.28795795974522
45.28,0.12845234271255,0.206058274219567
45.29,0.0998128528450535,0.100096900487001
45.3,0.0759584723411154,0.0277451664071894
45.31,0.0565670273173901,0.218538083980688
45.32,0.0412589098150535,0.19329929266602
45.33,0.0296225349719558,0.113217113356615
45.34,0.0212295825235698,-0.0865954396421332
45.35,0.0156392682063274,0.094948541641206
45.36,0.0123946733498528,0.168161334317243
45.37,0.011017322138572,0.065153085946726
45.38,0.0110074287448133,0.132593084023423
45.39,0.0118558205804098,0.0286853479625094
45.4,0.0130696946870426,0.157146837325943
45.41,0.0142092349992375,0.0138182824779379
45.42,0.0149274348036797,0.0800319382002881
45.43,0.0150029230757422,0.226201832574492
45.44,0.0143562201533021,0.112003852892877
45.45,0.0130436229473018,0.245196015980757
45.46,0.011228735566046,0.16196551786438
45.47,0.0091376978011367,0.232200912504627
45.48,0.0070085165493496,0.129185240738788
45.49,0.00504623979848517,0.189991510961876
45.5,0.00339370908681609,0.179450590891426
45.51,0.00212305242445111,0.107916197629663
45.52,0.00124748139374469,0.268119025870302
45.53,0.000748089040430225,0.214035440087935
45.54,0.00060756650774063,0.0795187603759629
45.55,0.000842600409097367,0.243661634477966
45.56,0.00152879252078271,0.113619374768055
45.57,0.0028151908189151,-0.0534296909299058
45.58,0.00492865228079666,0.143095843023626
45.59,0.00817026763444951,0.0926405836706025
45.6,0.0129065725552771,0.14153939503787
45.61,0.0195575241614688,0.135256455778103
45.62,0.0285819649337832,-0.0004500861902492
45.63,0.0404603332665968,0.16926208604503
45.64,0.0556742228224953,0.304272374612759
45.65,0.0746830564676065,0.113955011378229
45.66,0.0978991797914219,0.390477236697736
45.67,0.125663439575526,0.426984203426785
45.68,0.158223272899236,0.263816901232039
45.69,0.195714382504933,0.563003529167477
45.7,0.238145599008589,0.336234990998808
45.71,0.285385261479179,0.4852120930596
45.72,0.337147136088047,0.496180276306412
45.73,0.392974947522098,0.686539763103368
45.74,0.452226847343972,0.546934484744189
45.75,0.514063827565803,0.674238728591877
45.76,0.577448106249374,0.657610257826009
45.77,0.641157839098383,0.909520994016766
45.78,0.703822618602793,0.952948481506018
45.79,0.763980343000693,0.95897860553152
45.8,0.820151154758473,0.963110702585651
45.81,0.870919703312282,1.00224979379011
45.82,0.915014398000112,1.1334107881738
45.83,0.951372486427494,1.05238295210936
45.84,0.979182777841036,1.35845156174055
45.85,0.997902801715473,1.12618016568777
45.86,1.00725269935721,1.21946812431839
45.87,1.00719259872245,1.17901036470285
45.88,0.997892406003054,1.19858756374569
45.89,0.979702408580071,1.19631898117885
45.9,0.953130243658005,1.22097568954025
45.91,0.918825755110876,1.0787074112777
45.92,0.877571428485559,1.02737185851618
45.93,0.830273654058478,1.12222773667174
45.94,0.777949638257498,1.16916587355702
45.95,0.721706255066578,1.0108479831495
45.96,0.662709775877252,0.931156239829305
45.97,0.602148213520716,0.85138280701354
45.98,0.541190029666122,0.782679842354454
45.99,0.480943658318019,0.563099454690535
46,0.422421707479759,0.705771653920698
46.01,0.366512290181582,0.564796989492349
46.02,0.313958388171726,0.577440760007364
46.03,0.265345055650163,0.626143798637334
46.04,0.221093889066248,0.451508123623583
46.05,0.181464386248272,0.470318687172827
46.06,0.146562167193167,0.332947419321495
46.07,0.116354044765193,0.472890859937949
46.08,0.0906893261841607,0.449674596442617
46.09,0.0693255626170928,0.376507606138729
46.1,0.051955668869682,0.361797723151952
46.11,0.038232523814621,0.308574144152666
46.12,0.0277873751344291,0.305128553613653
46.13,0.020239816029438,0.307940313455421
46.14,0.0151995095213804,0.24969024430457
46.15,0.0122625092402312,0.216659355722384
46.16,0.0110070549450083,0.235577451603403
46.17,0.010994310554216,0.302520241906405
46.18,0.0117782876052887,0.230358145334454
46.19,0.0129263797596934,0.108448905863936
46.2,0.0140483124941824,0.322992268661102
46.21,0.0148280069412725,0.283592389088976
46.22,0.0150509581769312,0.210939810154608
46.23,0.0146199290827492,0.245868029878902
46.24,0.0135541134010108,0.29590962748671
46.25,0.0119708031950754,0.393490130926092
46.26,0.0100528989753328,0.345512166919771
46.27,0.00800908230950173,0.209106939362357
46.28,0.00603514445249933,0.452653980637765
46.29,0.00428440349384297,0.357167683791075
46.3,0.00285259450167659,0.290768886822396
46.31,0.00177889952826046,0.280585814217969
46.32,0.00106100146971378,0.209502151183835
46.33,0.000679229788343512,0.2916212591671
46.34,0.000623663988024226,0.300886554675295
46.35,0.000918568578503646,0.237689487991883
46.36,0.00164032340857622,0.28451647660345
46.37,0.00292733117517324,0.179114609767595
46.38,0.00498243484160433,0.343337710261788
46.39,0.00806959681513164,0.24473089739749
46.4,0.0125068051083844,0.109340129367676
46.41,0.0186566002309608,0.22447261118151
46.42,0.02691473525865,0.290056518483807
46.43,0.0376967986643831,0.326736348947947
46.44,0.0514224753945768,0.198421683845988
46.45,0.0684975282064805,0.311498943393893
46.46,0.089294293780712,0.318605048570619
46.47,0.114132098243873,0.312298216070009
46.48,0.143259137656304,0.302380627193484
46.49,0.176836891063134,0.30202543423036
46.5,0.214927187352053,0.465809548575849
46.51,0.257481037507676,0.400187425263123
46.52,0.304327771617478,0.471034434575179
46.53,0.355163269642671,0.645927516150503
46.54,0.409537233201576,0.595616069614267
46.55,0.466841224493639,0.71747603510411
46.56,0.526301000317222,0.832766906158423
46.57,0.586977777542253,0.826357083404745
46.58,0.647782900251948,0.87518806633152
46.59,0.707508719059387,0.878936955153098
46.6,0.764875599058402,0.921587641228243
46.61,0.818591539544897,0.965531835426479
46.62,0.867417852628014,1.11019261177031
46.63,0.910232600934536,0.973862829556618
46.64,0.946083598784868,1.19041278486836
46.65,0.974224780218199,1.08895509150908
46.66,0.994133128980445,1.21479342077341
46.67,1.00550724690726,1.31180106338409
46.68,1.00825197511602,1.2524811874656
46.69,1.00245542485948,1.18165829321223
46.7,0.988364900120156,1.21244658429195
46.71,0.966366621505052,1.03061977423232
46.72,0.936971490813892,1.08739632035589
46.73,0.900806241630425,1.07176341910009
46.74,0.858607069411997,0.834362139399912
46.75,0.811211820142678,1.14038332707453
46.76,0.75954720373169,0.971501273543209
46.77,0.704609007507094,0.971787471904612
46.78,0.647435324021878,0.826745224435512
46.79,0.589074691616263,0.806351040116047
46.8,0.53055223055684,0.859323067191875
46.81,0.472837098523859,0.648667837448151
46.82,0.416813988417625,0.612904645341306
46.83,0.363260314609875,0.575476864471053
46.84,0.312829643169641,0.50935777503111
46.85,0.266041189744807,0.480788375631408
46.86,0.223274983581139,0.36523020078792
46.87,0.184772465730608,0.318002461206857
46.88,0.150642555339397,0.213591481910766
46.89,0.120873243470638,0.246888954964474
46.9,0.095348347460599,0.21201596153635
46.91,0.073868204198962,0.174995174066824
46.92,0.0561720701480084,0.241155049855151
46.93,0.0419592559705096,0.207082648529432
46.94,0.0309059676888337,0.0829591621099347
46.95,0.0226756757350306,0.124564565976558
46.96,0.0169224971482539,0.170321607800361
46.97,0.0132891401944155,0.17114644760219
46.98,0.0114027976338112,0.147553667727083
46.99,0.0108733451480339,0.0864084814825402
47,0.0112978770224761,0.266387358986404
47.01,0.012273944770456,0.166926310422444
47.02,0.0134212408317601,0.0796297197510272
47.03,0.0144086145542646,0.225766168799295
47.04,0.0149810774780652,0.0903472111757734
47.05,0.0149805708995222,0.255731155433826
47.06,0.0143550836480855,0.119237816586659
47.07,0.0131530812845754,0.0280411477034209
47.08,0.0115035328092303,0.143017790728921
47.09,0.00958519883808815,0.201283319870377
47.1,0.00759135252681622,0.0327706745031054
47.11,0.00569706822392077,0.00917689634597157
47.12,0.00403540695293221,0.109780781857693
47.13,0.00268653005112054,-0.0643886772624529
47.14,0.00168066507411588,0.0521326783537366
47.15,0.00101279923281928,0.0283800465066609
47.16,0.00066477167053455,0.123519316496383
47.17,0.000629554403003478,-0.0800864362017494
47.18,0.000933003649050681,-0.0574739641463093
47.19,0.0016498770428023,0.0404696867540983
47.2,0.00291284398689509,-0.011663813729844
47.21,0.004914928838586,0.0882546358806684
47.22,0.00790685895093422,0.0362492614412745
47.23,0.012190988415746,0.0130670884258305
47.24,0.0181129996744637,0.177354826480068
47.25,0.0260518318325923,-0.0998169992270373
47.26,0.0364076737959983,0.264369610321416
47.27,0.049587689453275,0.100933829929846
47.28,0.0659894675277574,0.0373355032325048
47.29,0.0859828189408751,0.0236902494024741
47.3,0.109891135865961,0.0472181479327788
47.31,0.137973741786397,0.214392497721664
47.32,0.17041032711793,0.267425130958215
47.33,0.207287762062082,0.163649772698395
47.34,0.248588631274057,0.34688066220633
47.35,0.294180192029299,0.317635654749551
47.36,0.343802510780369,0.295648361064023
47.37,0.397055441796771,0.501995005651687
47.38,0.45338570175672,0.508807685868074
47.39,0.512077076689043,0.404395978858529
47.4,0.572248110874428,0.627680511027374
47.41,0.632861859492965,0.724476866930236
47.42,0.692751104327529,0.656943484562532
47.43,0.750659930836848,0.68109577848028
47.44,0.805299287059072,0.843537745009976
47.45,0.855410941994356,0.950224400544807
47.46,0.899832046092892,0.831296619478491
47.47,0.937551957322046,0.936549724142964
47.48,0.967754368591248,1.07313195863049
47.49,0.989840746845276,0.927625168627033
47.5,1.00343489480416,0.928292846389792
47.51,1.00837205724691,0.90499236369055
47.52,1.00467846433244,0.865097633574623
47.53,0.992547934776597,0.827708457876328
47.54,0.972321076081144,0.960082940875214
47.55,0.944470172848785,0.858056672285409
47.56,0.909589874245525,0.730086759541739
47.57,0.868391204763845,0.839698145080852
47.58,0.821694964191962,0.70030727614216
47.59,0.770420581512435,0.55702649277663
47.6,0.715567792025834,0.58263751588981
47.61,0.658190574474032,0.489767428677074
47.62,0.599364891929365,0.506833430635697
47.63,0.540153278030032,0.510649686974453
47.64,0.481569833715852,0.468370649537864
47.65,0.424548759781418,0.367725910956579
47.66,0.369918484253349,0.20906644461631
47.67,0.318382248981375,0.25499462976853
47.68,0.270505144980535,0.0788586808455194
47.69,0.226707254298637,0.175089175906319
47.7,0.187262694903925,0.0626402410244942
47.71,0.152304662889819,0.00520388029712754
47.72,0.121836632419982,0.053210942224748
47.73,0.0957494331332327,0.00346167793835495
47.74,0.0738429662970592,-0.203735978123847
47.75,0.0558501358465868,-0.229742428501264
47.76,0.0414596562709758,0.0769963787316027
47.77,0.0303342637376162,-0.0873626657415174
47.78,0.0221217931022879,-0.00522122041890655
47.79,0.0164585082689098,-0.00803737510787558
47.8,0.0129664982716656,-0.133776880628459
47.81,0.0112491114582075,-0.237029417225353
47.82,0.0108895045422423,-0.250112739694014
47.83,0.011456904107533,-0.330950031317231
47.84,0.0125230715546646,-0.0140675382244659
47.85,0.0136882359995186,-0.147372586553873
47.86,0.01461234905064,-0.0734460458864827
47.87,0.0150450022344218,-0.161883347890001
47.88,0.0148466071646027,-0.0474277770599657
47.89,0.0139948363089007,-0.127914113407688
47.9,0.012573569106758,-0.131031341216933
47.91,0.0107458064738171,-0.181959276455422
47.92,0.00871600376532453,-0.171710565607034
47.93,0.00668987650869062,-0.0951003976512418
47.94,0.00484021752213702,-0.389497647388532
47.95,0.00328553437117323,-0.245860149300885
47.96,0.00208493901015168,-0.269313906299685
47.97,0.00124872641780921,-0.215619997727247
47.98,0.000760615969686644,-0.26737448125941
47.99,0.000605600100537977,-0.134799799489137
48,0.000797134882717048,-0.0895372097628377
48.01,0.0013988044206836,-0.118833231964763
48.02,0.00253791170144827,-0.107171032017557
48.03,0.00441081497511184,-0.12619138228508
48.04,0.00728149141414002,-0.124167144059281
48.05,0.0114753957137889,-0.270080742835468
48.06,0.0173702813835942,-0.330402816701957
48.07,0.0253847258843096,-0.00960396287030532
48.08,0.0359642440450619,-0.221416276437335
48.09,0.0495645540734264,-0.0264239426088095
48.1,0.0666319197631683,-0.275366148005362
48.11,0.087581306561365,-0.139083948258738
48.12,0.112773887305404,-0.113604016504767
48.13,0.14249573149187,-0.0617510780505449
48.14,0.176939055054653,-0.118745956442935
48.15,0.216186316747484,-0.0303605089676525
48.16,0.260196200130796,0.102471511525716
48.17,0.308789765740281,0.0800409084529252
48.18,0.361635332942898,0.0905198185682299
48.19,0.418232113518558,0.153991589604873
48.2,0.477894915031182,0.449054370355008
48.21,0.539744562399566,0.255300448183867
48.22,0.602710066856161,0.422576152203566
48.23,0.665548200929333,0.535671419830032
48.24,0.726883734326558,0.407555939902273
48.25,0.785269561160823,0.520973923269757
48.26,0.839261341638549,0.636309721749332
48.27,0.88749744866766,0.747443668104236
48.28,0.928773184360959,0.781393157177539
48.29,0.962099090773514,0.717406098804519
48.3,0.986736587705228,0.775553280771321
48.31,1.00220919147201,0.776532240450326
48.32,1.00829275315231,0.78735068475988
48.33,1.00499201035342,0.746885931312972
48.34,0.992512224515792,0.600146178305172
48.35,0.971233507251243,0.704929093662713
48.36,0.9416922011848,0.719532888982622
48.37,0.904569573039827,0.689231094956723
48.38,0.860684493214208,0.611845668844873
48.39,0.810984827380797,0.596675673939144
48.4,0.756532423423174,0.489354387548744
48.41,0.698478562878033,0.312105768944858
48.42,0.638029692714253,0.37464414483451
48.43,0.576406065049451,0.317230880144807
48.44,0.514797679923763,0.0755116307496888
48.45,0.45432223641249,0.277949360935749
48.46,0.395988826898986,0.0579991638192614
48.47,0.340669479919738,0.13991244765004
48.48,0.289079125410345,0.0585781723747962
48.49,0.241763676307841,-0.0859127217743016
48.5,0.199095820478284,-0.031554312049598
48.51,0.161278482292535,0.0133573271744918
48.52,0.128356176558483,-0.106863377149188
48.53,0.100234127384899,-0.172639030761561
48.54,0.0767038918160747,-0.16975948789061
48.55,0.0574726178467992,-0.217282650786753
48.56,0.0421916665166227,-0.333816841768001
48.57,0.0304799217102508,-0.205547504455979
48.58,0.0219382113861178,-0.300545945430289
48.59,0.0161538222629587,-0.358147004189593
48.6,0.012697421833529,-0.390540540580897
48.61,0.011117675318531,-0.266393828028207
48.62,0.0109402835000946,-0.184987488702788
48.63,0.0116773131976095,-0.356080074654014
48.64,0.0128495553202259,-0.291526079432343
48.65,0.0140200817802071,-0.194927408023151
48.66,0.0148326439330161,-0.332253096074377
48.67,0.0150456417388166,-0.107880042392406
48.68,0.014552228764826,-0.292974193399444
48.69,0.0133799603308796,-0.265690126696229
48.7,0.0116684879935664,-0.132461600724513
48.71,0.00962961787811284,-0.186742389750346
48.72,0.0074987764321072,-0.162786005334507
48.73,0.00548910123051727,-0.324172930667336
48.74,0.00375837072017978,-0.147756712116641
48.75,0.00239521440799307,-0.233660946850388
48.76,0.00142577899444607,-0.194203313160001
48.77,0.000836940364568104,-0.230141979519917
48.78,0.000608731959521426,-0.245377106217866
48.79,0.000747714555249888,-0.0604687219280662
48.8,0.0013144526531397,-0.335144738244365
48.81,0.00244122454311634,-0.110896638593384
48.82,0.00433932991728305,-0.248834892931179
48.83,0.00729774079806689,-0.276476971153207
48.84,0.0116757621100116,-0.156131699570969
48.85,0.0178919061081899,-0.236724721166595
48.86,0.0264099738052732,-0.1205757416318
48.87,0.0377222183390955,-0.257264455128597
48.88,0.052329086132798,-0.250056766331015
48.89,0.0707155589625258,-0.042325479509437
48.9,0.0933251975750234,-0.0604999334616041
48.91,0.120533941935223,-0.104152026178912
48.92,0.15262592097496,-0.0164739109295048
48.93,0.189772713744485,-0.0133594578478594
48.94,0.232015978942627,0.0326200388123729
48.95,0.279251877411293,0.0366956105179784
48.96,0.331215125174732,0.151274149783301
48.97,0.387461412405792,0.178407323726302
48.98,0.447349263279164,0.352121481251084
48.99,0.510025445522174,0.180098424766306
49,0.57442053803756,0.434235212390314
49.01,0.639261980136783,0.40373870034596
49.02,0.703110106286129,0.470828431318585
49.03,0.764418436280602,0.574106507524915
49.04,0.821613891386873,0.748857118670319
49.05,0.873187317887639,0.577579914426415
49.06,0.917781457406649,0.665938263242494
49.07,0.954263481342107,0.759765377087524
49.08,0.981772565694529,0.821246913872081
49.09,0.99973877608482,0.843365438463167
49.1,1.00787600952727,0.996050188886118
49.11,1.00615693900115,0.857458316179531
49.12,0.994780330885044,0.825072318902093
49.13,0.974140219339831,0.826946332732727
49.14,0.944802804282549,0.71397844670018
49.15,0.907492032261061,0.810231820826436
49.16,0.863080380246388,0.649957565336315
49.17,0.812578833410329,0.587543930757252
49.18,0.757120075344713,0.643466135823008
49.19,0.69793118350935,0.597578399839191
49.2,0.636295582192338,0.367759533666926
49.21,0.573507300705962,0.541552941916051
49.22,0.510822609938828,0.21230196902667
49.23,0.449414388801761,0.397061044086568
49.24,0.390333355732169,0.264878720197951
49.25,0.334478367474906,0.300806063697195
49.26,0.282576243083486,0.20350363338294
49.27,0.235170635546773,0.231654711822657
49.28,0.192619434733013,0.0737178054852927
49.29,0.155100617751193,0.107734590473225
49.3,0.122626690033371,-0.0784315125960113
49.31,0.0950673354897663,-0.0231815566984544
49.32,0.0721785170468898,0.0784191602984133
49.33,0.0536344906358528,0.00693931937756298
49.34,0.039057851193111,-0.180304697350946
49.35,0.028042664190272,-0.117014290937768
49.36,0.0201673873618246,-0.0634074782172522
49.37,0.0149974045607022,-0.145122481756581
49.38,0.0120806406008627,-0.13693437430884
49.39,0.0109425817956432,0.0623068426462116
49.4,0.0110878857704631,-0.155676023304254
49.41,0.0120140372512505,-0.0481358357625212
49.42,0.0132385211473937,0.00640421356940466
49.43,0.0143359443183581,-0.0400967631806183
49.44,0.0149771408708325,-0.0669154022648912
49.45,0.0149601393491859,0.00393415794173802
49.46,0.0142238608738106,-0.0855464597998595
49.47,0.012839415246699,0.0815780848739199
49.48,0.0109796946899055,-0.0899944564903307
49.49,0.00887381516131485,-0.134978351101219
49.5,0.00675698465560881,-0.307198955238262
49.51,0.00482735686806246,-0.0171716785030389
49.52,0.00321914387320579,-0.118317250667304
49.53,0.00199655724603592,-0.0311095627989844
49.54,0.00116759346924879,-0.157578132857894
49.55,0.00071200138442431,0.0480175523797759
49.56,0.000615252705682593,-0.044488407120893
49.57,0.000900428922876414,0.0664117766301691
49.58,0.00165217881681384,0.0226978247732844
49.59,0.00303018470689935,0.0613725476757754
49.6,0.00527262540816241,0.0366836184569608
49.61,0.00869197991105381,0.0158011677529808
49.62,0.0136658503654217,0.128674760097032
49.63,0.020624633189199,-0.0168967550465276
49.64,0.0300365965005425,-0.0731977929020661
49.65,0.0423900308113559,0.208240884666767
49.66,0.0581720990888076,0.0432136958277144
49.67,0.0778447767011582,0.165060533113613
49.68,0.101819343330234,0.0917206613592566
49.69,0.130431591287076,0.168949024047589
49.7,0.163919748572289,0.227343923931521
49.71,0.202406030338485,0.0764156474492144
49.72,0.245881189746703,0.300535884066747
49.73,0.294190226479834,0.250312714122641
49.74,0.347017288457658,0.534344402437169
49.75,0.403869126484803,0.496821068922299
49.76,0.464058957753882,0.603662927233111
49.77,0.526695385018024,0.54975693828756
49.78,0.590682918797237,0.646031760439413
49.79,0.654740623307544,0.733367429330317
49.8,0.717443005058532,0.803239318142356
49.81,0.777282873773064,0.759411320855952
49.82,0.832750692556746,0.876697766902528
49.83,0.882420479830834,0.849904260140605
49.84,0.925030091516261,1.11129207267588
49.85,0.959544519630948,1.0135444525519
49.86,0.98519456247614,1.11697364259512
49.87,1.00148878836193,1.06850632550526
49.88,1.00820247886912,1.15173037021218
49.89,1.00535151336388,1.11981250706723
49.9,0.993160782755726,1.16535017946419
49.91,0.972035429148354,1.13652090411367
49.92,0.942539674616015,1.07623709546653
49.93,0.905383570478058,0.971543509849927
49.94,0.861414187718856,0.927079125371974
49.95,0.811605750870358,0.960961445801257
49.96,0.757043446734141,0.80079140957881
49.97,0.698897765364553,0.902307873031895
49.98,0.638389301309799,0.802483319369636
49.99,0.576746804463351,0.733076739923546
50,0.515163002130889,0.64071718170695
50.01,0.454752935282033,0.655253682426138
50.02,0.396518487503957,0.547196534594997
50.03,0.341321093619611,0.459006066181615
50.04,0.289863062254637,0.395556040204948
50.05,0.242677070783323,0.36789400710351
50.06,0.20012329689972,0.4092277917953
50.07,0.162394013836181,0.319774749337159
50.08,0.129525741291438,0.233759879568805
50.09,0.101418727281642,0.229943054526085
50.1,0.0778624886735691,0.0431065409613556
50.11,0.0585646561635854,0.232422527353736
50.12,0.0431790942916728,0.275521472537988
50.13,0.0313289134978354,0.097541128571913
50.14,0.0226210147691345,0.190119995496022
50.15,0.0166511530068466,0.140277702296351
50.16,0.0130015510734673,0.114995234759995
50.17,0.0112358316150343,0.185908163926642
50.18,0.0108974137675276,0.121702388626918
50.19,0.0115168721862905,0.178035972063634
50.2,0.0126310667754949,0.293682515301381
50.21,0.0138128435495039,0.0553340264912788
50.22,0.0147060285786451,0.140880486299858
50.23,0.0150576561942915,0.163113995055694
50.24,0.0147389056849735,0.299346599301768
50.25,0.0137483650805369,0.27154694993484
50.26,0.0121954487224085,0.196926539753323
50.27,0.0102668380184311,0.103681411737295
50.28,0.0081831804481154,0.22400143073837
50.29,0.00615567221841731,0.210303352332447
50.3,0.0043518997712665,0.242587729804894
50.31,0.00287759206724393,0.203244164829868
50.32,0.00177665471610521,0.0917859017087301
50.33,0.00104735110289408,0.182297007914256
50.34,0.000669060182401585,0.327024965642083
50.35,0.000632519507018012,0.0751254010116333
50.36,0.000967013976364195,0.223112307543455
50.37,0.00176008680276244,0.340670418462844
50.38,0.00316809838572304,0.180623819462107
50.39,0.00541835783254593,0.26130205122642
50.4,0.0088049152839959,0.187577224636608
50.41,0.0136802478319,0.265436196586161
50.42,0.0204443112148364,0.134352099296
50.43,0.0295313781017067,0.202003381392774
50.44,0.0413943625082303,0.350645402464432
50.45,0.0564862978004878,0.464669934737932
50.46,0.0752392556415074,0.26794286230182
50.47,0.0980418796767572,0.356158999288824
50.48,0.12521732933951,0.45186979213193
50.49,0.157003373910642,0.369961841366636
50.5,0.193535564228688,0.437379860205701
50.51,0.234833154608737,0.528834872850197
50.52,0.280786347049452,0.324817166055735
50.53,0.331143109031602,0.617161676495688
50.54,0.385494641517253,0.552899929093487
50.55,0.443260449529842,0.690001186505162
50.56,0.503676309409958,0.716976535924244
50.57,0.56579033474237,0.799733511593687
50.58,0.628472921667053,0.943204778292992
50.59,0.690445063145569,0.958106080385783
50.6,0.750326422300101,0.952081396230283
50.61,0.806700354640179,1.05939319744954
50.62,0.858188932035355,1.17428266377272
50.63,0.903528203003596,1.19084043641266
50.64,0.941633352058463,1.07071938090668
50.65,0.971645371019443,0.981537360552403
50.66,0.992954836827497,1.27015864361334
50.67,1.00520328865277,1.22341210177665
50.68,1.00826712465904,1.28853408919495
50.69,1.00223167894164,1.27562253017487
50.7,0.987363528357009,1.19869927471494
50.71,0.964087200191219,1.24293813070147
50.72,0.932969076302808,1.22841743477289
50.73,0.894707594563123,1.22135886850765
50.74,0.850126013010684,1.10784012253296
50.75,0.800162824899818,0.980061392916522
50.76,0.745855581963665,0.979908213446829
50.77,0.688315968606478,0.839347679004133
50.78,0.628696627057544,0.889691653718448
50.79,0.568152534330062,0.703423820846326
50.8,0.507800993438771,0.926851504354993
50.81,0.448684297007175,0.548149510089041
50.82,0.391738102996043,0.631482398141296
50.83,0.337767101050473,0.748969904764925
50.84,0.287428268253249,0.449389171725566
50.85,0.241221330767349,0.421956041725631
50.86,0.199486018247193,0.283198090862923
50.87,0.162406029405413,0.288679857063408
50.88,0.130019848464464,0.293785805198195
50.89,0.102238257591448,0.222169660840257
50.9,0.0788674557185301,0.355222212912398
50.91,0.0596353689829373,0.42307559631461
50.92,0.044217568819049,0.220819549676509
50.93,0.0322588232045788,0.186291012939923
50.94,0.0233871154500369,0.360422839546207
50.95,0.0172189704646849,0.142274835071985
50.96,0.0133576366474377,0.283099557024317
50.97,0.0113882241097389,0.314092123886889
50.98,0.0108753610333923,0.415144891641
50.99,0.0113686334683894,0.287801416586358
51,0.0124189014759545,0.184016969367531
51.01,0.0136050643836949,0.35821370209326
51.02,0.0145670248828871,0.120736094448424
51.03,0.0150377127022618,0.2933154592787
51.04,0.0148660902386264,0.255523526915015
51.05,0.0140245140827783,0.0610291909184738
51.06,0.0125973566078936,0.237960597208862
51.07,0.01075241593303,0.272057386927162
51.08,0.00870100864772211,0.238054869240933
51.09,0.00665546190234205,0.35663735929977
51.1,0.00479319314108973,0.193848137108349
51.11,0.00323461064006173,0.115869973869257
51.12,0.00203834607061262,0.201447345140445
51.13,0.00121300022090419,0.235522013029682
51.14,0.000740908661995924,0.0302657249610449
51.15,0.000607374770576296,0.187126362158569
51.16,0.000828742896687071,0.267276772128585
51.17,0.00147430757803022,0.207567800797235
51.18,0.00267959338481731,0.261846311520768
51.19,0.00465103647735872,0.337538702082766
51.2,0.00766377259482959,0.0696989957104575
51.21,0.0120547384254226,0.331742879337891
51.22,0.0182127775488301,0.280269417393157
51.23,0.0265664351762116,0.33953194802019
51.24,0.0375692645529451,0.291423554952215
51.25,0.0516822141595879,0.256931076166518
51.26,0.0693531167969969,0.417407543276304
51.27,0.0909941742160898,0.267949118325589
51.28,0.116959109606006,0.148768303804636
51.29,0.147521858013266,0.340860332123961
51.3,0.182858069998725,0.214590870979899
51.31,0.223029508768463,0.519405143009346
51.32,0.267970169290218,0.335289024428431
51.33,0.317472314622651,0.59331948811656
51.34,0.37117111406983,0.490885887899038
51.35,0.42852825327258,0.575079314750844
51.36,0.488817307835302,0.780298692925385
51.37,0.551115947520221,0.759334187565729
51.38,0.614311163416374,0.672157737436606
51.39,0.67712294399417,0.827836165104492
51.4,0.738149011649938,0.873813740431457
51.41,0.795928931328322,0.884336585319666
51.42,0.849021272488118,1.05722897180837
51.43,0.896083940575505,1.26131767152563
51.44,0.935946464674511,0.999401945913015
51.45,0.967664465589511,1.09976701267863
51.46,0.990550415519656,1.35059701703194
51.47,1.00418004559117,1.16406993014575
51.48,1.00837883982431,1.12109102400974
51.49,1.00319651800729,1.14025032453811
51.5,0.988878340141181,0.989904774467763
51.51,0.965840374928585,1.08586271921093
51.52,0.93465230821182,0.976509079535282
51.53,0.896027218259112,0.921987094414653
51.54,0.850814398608615,0.991167462221421
51.55,0.799989772910443,0.860180364129348
51.56,0.744639035411857,0.901757431895316
51.57,0.68593093725562,0.835197827475151
51.58,0.625081165601246,0.76518953393495
51.59,0.563309932427909,0.681181315595268
51.6,0.501797873019275,0.647627609351146
51.61,0.441644860969212,0.453780797755904
51.62,0.383835169261649,0.379241100076125
51.63,0.3292107294144,0.360733245835712
51.64,0.278452807765317,0.460800102537705
51.65,0.232071708852357,0.31704696183936
51.66,0.190404158290756,0.262358598996572
51.67,0.15361841806553,0.217576313575838
51.68,0.12172735758513,0.208446809416062
51.69,0.0946091805167086,0.211707346367908
51.7,0.0720342175070611,0.146504075795807
51.71,0.0536945448865929,0.200705756965635
51.72,0.039231925534824,0.205232772043788
51.73,0.0282594566076541,0.176180437353871
51.74,0.0203737674368654,0.0930363220788247
51.75,0.0151574509373766,0.183455787555557
51.76,0.0121748160883764,0.0768602106646676
51.77,0.0109668178664995,0.0767943090950377
51.78,0.0110520093692016,0.0661015317025007
51.79,0.0119389434380782,0.111616697280113
51.8,0.0131518290276411,0.000909063610506321
51.81,0.0142664610932878,-0.0149003046449176
51.82,0.014949061840354,0.176959632807376
51.83,0.0149882614729657,-0.0656212202883016
51.84,0.0143110012320042,0.141901857292049
51.85,0.0129766914839357,-0.0950728922331758
51.86,0.0111495147737074,0.173624323455717
51.87,0.00905462979832969,0.0186097463170019
51.88,0.00692836990379578,0.210846958103627
51.89,0.0049739915825342,0.0394532307306046
51.9,0.00333271481842128,-0.0415274702698887
51.91,0.00207537570977357,0.0725157368523617
51.92,0.00121445894219239,0.019243187835318
51.93,0.000731341745640229,0.0507627995905841
51.94,0.000610671226814353,0.0107465262867461
51.95,0.000873524970018795,0.0982914193926583
51.96,0.00160304139511161,0.0611359078546541
51.97,0.00295949200058925,-0.0491926223966721
51.98,0.00518497639704764,0.000366561563907734
51.99,0.00859998448455302,0.112657398892784
52,0.0135945520374141,-0.00146841069551153
52.01,0.0206159188499296,0.0861086221008801
52.02,0.0301532662709088,0.0811596505396427
52.03,0.0427191380890784,0.0210419330818571
52.04,0.0588270852304061,0.0807196018153611
52.05,0.0789659081997267,-0.01255271788493
52.06,0.103572067967205,0.0485619096387923
52.07,0.133002635438132,0.233346827385724
52.08,0.167510972294493,0.129930183271239
52.09,0.207226112803771,0.246232433063561
52.1,0.252135078058401,0.153827854750041
52.11,0.302066025907233,0.0439249743217625
52.12,0.356670116531951,0.213250103244811
52.13,0.415401660900023,0.321854187670782
52.14,0.477499149501546,0.302240729271528
52.15,0.541973029343623,0.528408586268892
52.16,0.6076081472357,0.522582789939949
52.17,0.672988370134021,0.508101656427711
52.18,0.736547573319942,0.732370092945726
52.19,0.796645574286596,0.676567137942232
52.2,0.851661265183076,0.661677399264033
52.21,0.90009019290539,0.790879082493745
52.22,0.940631913830037,0.849576411007249
52.23,0.972254427904463,1.05620843070375
52.24,0.994228402265137,0.905644969085925
52.25,1.00613108656936,0.863937423086759
52.26,1.00782654913975,0.812631068970658
52.27,0.999433055237815,0.893551957379305
52.28,0.981288907213094,0.832533112347456
52.29,0.953925010886768,0.895100534366845
52.3,0.918047166692388,0.811548089901735
52.31,0.87452561898299,0.859947944284505
52.32,0.824385650523828,0.708256389543952
52.33,0.768792117874176,0.520542952557869
52.34,0.709022787216406,0.49906636198879
52.35,0.646429113345548,0.502117462251051
52.36,0.58238712586687,0.485170262766696
52.37,0.518243882399543,0.565838882491627
52.38,0.455265728796715,0.357595743102842
52.39,0.394593484642663,0.287807590236676
52.4,0.337207495997566,0.0793571940151719
52.41,0.283903379754814,0.153501039689824
52.42,0.235278063160369,-0.0315501792759302
52.43,0.191725595481512,-0.0190801322956363
52.44,0.153442703470479,0.0556791552876505
52.45,0.120444342988567,0.0272878922524759
52.46,0.09258885984113,-0.112620239383225
52.47,0.0696106687315625,-0.149594808342382
52.48,0.0511561626468227,-0.147439635959291
52.49,0.0368169530487892,0.00886892634924083
52.5,0.026154595516887,-0.371391499724188
52.51,0.018713195568434,-0.1760112497613
52.52,0.0140203078573608,-0.083978593394776
52.53,0.011581033226802,-0.190202640366083
52.54,0.0108734270035653,-0.274597876814375
52.55,0.0113537598752893,-0.129784718685624
52.56,0.0124772520146539,-0.112715962141213
52.57,0.013734341414976,-0.281885037139614
52.58,0.0146961793364707,-0.209975832978982
52.59,0.0150581911557441,-0.133892391111955
52.6,0.0146691392454526,-0.250969138642268
52.61,0.0135359588305143,-0.195473785335437
52.62,0.0118009768298648,-0.215064296009125
52.63,0.00969593860379263,-0.21359626491289
52.64,0.00748395289026843,-0.217668588333097
52.65,0.0054037905542356,-0.104932744746292
52.66,0.00362989464832461,-0.12342470357585
52.67,0.0022564786927302,-0.176560511568089
52.68,0.00130702200633924,-0.234103224339709
52.69,0.000763728063643361,-0.352266876722216
52.7,0.00060719583268057,-0.295864297711876
52.71,0.000855715998938503,-0.133455828085505
52.72,0.00159595604857737,-0.295169307725904
52.73,0.003000964042533,-0.248246825320568
52.74,0.00533558995175985,-0.135082836945204
52.75,0.0089521144051205,-0.324586397952416
52.76,0.014279485364006,-0.0767851828833523
52.77,0.0218084914218649,-0.218949065044712
52.78,0.0320735186963309,-0.394244239740436
52.79,0.0456304001254069,-0.271401579397612
52.8,0.0630299316747622,-0.195009510542196
52.81,0.0847877777256027,-0.0409963045840604
52.82,0.111352933987209,-0.0409176222501214
52.83,0.143077672203349,-0.0386355621108998
52.84,0.180191326676535,-0.0271862481580957
52.85,0.222778513653688,-0.0258985874402768
52.86,0.270760272128979,-0.0116478996338261
52.87,0.323875416134694,-0.00683742283772545
52.88,0.38166007810588,0.219321783600621
52.89,0.44342616979235,0.20805694196729
52.9,0.508243421919673,0.341818128408066
52.91,0.574933128034638,0.513897378732484
52.92,0.642082915996787,0.430706525471174
52.93,0.708089660614516,0.449154445745359
52.94,0.771232134330913,0.604771245893645
52.95,0.829767626598329,0.546522663919923
52.96,0.882039911183762,0.668989409030068
52.97,0.926582020035498,0.829885412190172
52.98,0.962197827524067,0.664391535462917
52.99,0.988011483163644,0.663758528509995
53,1.00348170200088,0.668643104841992
53.01,1.0083862445829,0.857892142360076
53.02,1.00278791879296,0.800751816671306
53.03,0.986995326979701,0.838828153798983
53.04,0.961529089946851,0.771629537431583
53.05,0.927098681354341,0.694948389186307
53.06,0.884588578509994,0.653852528180437
53.07,0.835047550924326,0.591760788790734
53.08,0.779673146985239,0.475314640662494
53.09,0.719785067093273,0.480410922134523
53.1,0.656785105473823,0.383117729075514
53.11,0.592105920718644,0.399279687717873
53.12,0.527154297963169,0.193256303447957
53.13,0.463255751681381,0.123773015343779
53.14,0.401606287317215,0.278863451717941
53.15,0.343234782780281,0.0824069888156678
53.16,0.288977026860828,0.146500711020472
53.17,0.239460960443388,0.0755328480145575
53.18,0.19510240478008,-0.115048943933809
53.19,0.15611106135451,-0.164045229906828
53.2,0.122506926797664,-0.170112281090228
53.21,0.0941466898740356,-0.309385643762471
53.22,0.0707579668215383,-0.14637057542106
53.23,0.0519769640604332,-0.232285270634843
53.24,0.0373834635442139,-0.317555810673203
53.25,0.0265270497588093,-0.282023354478975
53.26,0.018940790159044,-0.123220544132837
53.27,0.0141427180224733,-0.132440676979946
53.28,0.0116300877473975,-0.130474478923139
53.29,0.0108746628168784,-0.278971633006335
53.3,0.0113277277118977,-0.0998222025505
53.31,0.0124405351572377,-0.291050932286718
53.32,0.0137002684875241,-0.166599928344276
53.33,0.0146751981798913,-0.23066788560168
53.34,0.0150578850886799,-0.101164344957668
53.35,0.0146939471926392,-0.158125650987843
53.36,0.0135867904604184,-0.337113780782128
53.37,0.0118750241995975,-0.0968540350699234
53.38,0.00978699240041692,-0.241500558998241
53.39,0.00758338601707313,-0.27076254183538
53.4,0.00550210030173568,-0.242383538324232
53.41,0.0037183963827447,-0.312756944403286
53.42,0.00232854986991803,-0.254472481153207
53.43,0.0013583038501862,-0.314614450056299
53.44,0.000790916528404448,-0.0965778903885614
53.45,0.000605409128396062,-0.217746031511437
53.46,0.000814769055848761,-0.393638620626183
53.47,0.00149606971516549,-0.305805362987747
53.48,0.00280843303115011,-0.229303170660321
53.49,0.0049987776297349,-0.423406349645901
53.5,0.00839795903282049,-0.363130133571076
53.51,0.0134106198851894,-0.323709203184744
53.52,0.0205011542964211,-0.0991253175497931
53.53,0.0301766147534073,-0.144788177234666
53.54,0.0429662236084344,-0.167855846812942
53.55,0.0593970507482142,-0.246245560027478
53.56,0.0799663502799656,-0.148107569475346
53.57,0.105112364605315,-0.178346096084357
53.58,0.135186223333717,-0.0411438447375542
53.59,0.170427262059992,0.0311425385732866
53.6,0.210942652902166,0.0147622181978328
53.61,0.256690335808031,0.102973345184952
53.62,0.307462911671827,0.217127789032049
53.63,0.362870330441416,0.192313061467391
53.64,0.422321193728979,0.168770920291925
53.65,0.485005747289304,0.467971959949014
53.66,0.54988688887735,0.403725000529445
53.67,0.615707230341944,0.414027883642253
53.68,0.681019279413286,0.508881306554656
53.69,0.744241913693157,0.606506210915179
53.7,0.803740392281875,0.637006273835661
53.71,0.857920955378205,0.649670540155891
53.72,0.9053266423251,0.808146621150534
53.73,0.944719889093356,0.79059960737647
53.74,0.975140254413837,0.781918460916748
53.75,0.995931491170381,0.705659499296982
53.76,1.00673931542604,0.824047175911215
53.77,1.00748741928159,0.902049371097751
53.78,0.998342689778166,0.917761535000524
53.79,0.979680397763669,0.74828572943954
53.8,0.952056718409252,0.946483478162514
53.81,0.916190786105705,0.707225248520538
53.82,0.872953483040112,0.703674594177084
53.83,0.823356985355122,0.72009898129461
53.84,0.768538607315862,0.687612732906672
53.85,0.709734518099215,0.596787191041051
53.86,0.648242417332471,0.492657942326984
53.87,0.585375815577934,0.340455262814414
53.88,0.522414932991261,0.335933701924654
53.89,0.46055979086428,0.382984508353975
53.9,0.400889989866324,0.333585538249811
53.91,0.344333704210131,0.271679281500498
53.92,0.291646523554255,0.196894955965315
53.93,0.243399649208352,0.156472832860004
53.94,0.199976774518191,0.125524391667458
53.95,0.161579383917309,0.324263538539277
53.96,0.12824052301045,0.0525939743045363
53.97,0.0998467326123633,-0.0548803611661927
53.98,0.0761666240482141,0.09128179414183
53.99,0.0568828677849003,0.107531516809588
54,0.0416229514064804,0.0458930109874461
54.01,0.0299837800989823,-0.0391179552829237
54.02,0.0215465411957076,-0.160058305087968
54.03,0.0158810935950985,0.0247410651758697
54.04,0.0125426588744407,0.0544516038594834
54.05,0.0110665510684844,-0.130580107847274
54.06,0.0109678930099103,-0.115417059508826
54.07,0.0117520583635516,-0.082105240544396
54.08,0.0129381165748636,-0.0955126006853945
54.09,0.0140928559889629,-0.0204796019616815
54.1,0.0148685635183322,-0.169745841713305
54.11,0.015035192907298,0.00114551210048148
54.12,0.0144978483380893,-0.0363062367964454
54.13,0.0132937093382457,0.100534687090304
54.14,0.0115677154794579,-0.0881965324611265
54.15,0.00953192710401939,0.146797312063362
54.16,0.00741775301923253,-0.0146234894989585
54.17,0.00543190126507894,0.00918944778741987
54.18,0.00372553913307384,-0.0625524800355577
54.19,0.00238229058613523,-0.142021006989045
54.2,0.00142564688422672,-0.117441410582635
54.21,0.000841690082621938,0.0190876692682919
54.22,0.000610039595783825,0.0111052250771473
54.23,0.000735269512678167,0.119506535189758
54.24,0.00127253302649217,0.0113169171209255
54.25,0.00234392985619415,0.128083988858579
54.26,0.00414512915444811,0.166404414362477
54.27,0.00694392410968854,0.0582753248063229
54.28,0.0110732345646988,0.123000481168362
54.29,0.0169206762128677,0.0217689496279447
54.3,0.0249157353297011,-0.0603592079239226
54.31,0.0355145550550136,0.0626707120958914
54.32,0.0491819185204619,0.0816093225346773
54.33,0.0663703755569734,0.0212815066941882
54.34,0.0874973378244721,0.13194969772099
54.35,0.112921819903837,0.291079370452212
54.36,0.142922792437114,0.169213940295655
54.37,0.177680576886735,0.387055398584563
54.38,0.217261513867777,0.204429523453891
54.39,0.261604819775815,0.225342095480842
54.4,0.310509802519689,0.266302351316073
54.41,0.363621968250946,0.468870079662722
54.42,0.420418119416152,0.479151572397734
54.43,0.480192887165586,0.573943278975195
54.44,0.542051400656846,0.706108856378034
54.45,0.604913987695396,0.804252785918028
54.46,0.667538191096184,0.722363093413948
54.47,0.728560802131688,0.957113679482383
54.48,0.786558573654538,0.874438464995128
54.49,0.8401218647921,0.916167740721
54.5,0.887932001838995,0.885275376225189
54.51,0.928831727193879,0.95445247561062
54.52,0.961879273526734,1.06653166406437
54.53,0.986380086462692,1.11907977492802
54.54,1.00189505504647,1.04171942955901
54.55,1.00822891820886,1.21787572746653
54.56,1.00540595665658,1.23162511867542
54.57,0.993641273282308,0.965843661344406
54.58,0.973314755959894,1.04644363005331
54.59,0.944951790148659,1.13567251434703
54.6,0.909211044213162,1.1225882136971
54.61,0.866876415141294,1.02156637359717
54.62,0.818848447409308,0.951646584114689
54.63,0.766130612462975,0.915712135828581
54.64,0.70980751288661,0.89321401125227
54.65,0.651014615208986,0.816494851758019
54.66,0.590901590129597,1.00776311928104
54.67,0.530592968938286,0.626052753508949
54.68,0.471150230452855,0.575237289781874
54.69,0.4135387158691,0.628637706704575
54.7,0.3586014085381,0.611592557238495
54.71,0.307040232442893,0.481394462561005
54.72,0.259404613796986,0.433932634775502
54.73,0.216086798623668,0.376294454397554
54.74,0.177323654714665,0.450702609501307
54.75,0.14320499797092,0.288103855879418
54.76,0.113688435602996,0.267906268177382
54.77,0.0886200761344177,0.362822754055229
54.78,0.067759316780276,0.346318127773293
54.79,0.0508047011402244,0.211144485261089
54.8,0.0374171222727221,0.196976969457213
54.81,0.0272369190679419,0.339902978608547
54.82,0.0198928479306922,0.319449094776275
54.83,0.0150032345177876,0.302992938676311
54.84,0.0121721515970042,0.152163970173427
54.85,0.0109853698895819,0.100983258602157
54.86,0.0110113426834469,0.288510230033474
54.87,0.0118112653568748,0.225862770694868
54.88,0.0129595143319922,0.319537113000349
54.89,0.0140722692206586,0.11768796174848
54.9,0.0148389276444143,0.37192210452763
54.91,0.0150490814086321,0.199819755298154
54.92,0.0146080091030065,0.215708818554726
54.93,0.0135359170435647,0.248891301866939
54.94,0.0119499400978353,0.17590275509331
54.95,0.0100321313948358,0.243262198543135
54.96,0.00799011468513057,0.176332371464926
54.97,0.00601876853336504,0.24511657625191
54.98,0.00427081576417027,0.156428802968824
54.99,0.00284172147049416,0.16374031756595
55,0.00177064343148104,0.292090093007304
55.01,0.00105541424628615,0.404212901152706
55.02,0.000676696278660679,0.206934702918533
55.03,0.000625201968761391,0.174903532019961
55.04,0.000926333152639268,0.308868934335795
55.05,0.00165835549655257,0.213062484326054
55.06,0.00296254004760491,0.291810325956866
55.07,0.00504577092499571,0.109975737700888
55.08,0.00817735596617389,0.285486763478286
55.09,0.0126819979054509,0.419503253614469
55.1,0.0189303042522842,0.276279803182416
55.11,0.0273273174444598,0.368062309184441
55.12,0.0382988563027824,0.287083497427634
55.13,0.0522753180557525,0.372053017676188
55.14,0.0696730300754635,0.282000869860041
55.15,0.0908739937895442,0.300585596768752
55.16,0.116205499023838,0.393781293861448
55.17,0.145921218684722,0.429633093206232
55.18,0.180184867618698,0.526001345973477
55.19,0.21905649519923,0.540843805348174
55.2,0.262480421796917,0.449914229284577
55.21,0.310273267314816,0.533483098830272
55.22,0.362110864326557,0.593565772393986
55.23,0.417514174956223,0.717391788107033
55.24,0.475836300305003,0.610925668024067
55.25,0.536254606988748,0.864484485713593
55.26,0.597773101611136,0.849996666976535
55.27,0.6592398346118,0.918828613275552
55.28,0.719382106830961,1.0291209863211
55.29,0.776858927894965,1.0216175586101
55.3,0.830326361380677,1.02401935661447
55.31,0.878508161383545,1.07091889984959
55.32,0.920262443058741,1.12603943422511
55.33,0.954635605798587,1.22722192603777
55.34,0.980897295422328,1.1169845845767
55.35,0.998554182384203,1.14727284970483
55.36,1.00734465253978,1.32719535210601
55.37,1.00721997305124,1.19600176959806
55.38,0.998319203813214,1.21306137290988
55.39,0.98094472120354,1.40755040301723
55.4,0.955542996707662,1.17154953963235
55.41,0.922692045656871,1.14016611614158
55.42,0.883093793226177,1.17316932857948
55.43,0.837567454043633,1.15171422523889
55.44,0.787039445582946,1.09727234974196
55.45,0.732526363212668,1.19402267887175
55.46,0.675109641771917,1.08527762959384
55.47,0.61590292620921,0.959829965927133
55.48,0.556015082334006,0.697611307556619
55.49,0.496512675122951,0.716855769650494
55.5,0.438385519815206,0.514824320037245
55.51,0.382517865667261,0.512216494482455
55.52,0.329666439173803,0.589501933309097
55.53,0.280445490136678,0.557192082859904
55.54,0.235318471926787,0.389296856757584
55.55,0.194596040830699,0.399693944080599
55.56,0.158440379364621,0.518979895937425
55.57,0.126876004000404,0.363683199774497
55.58,0.099806865226457,0.430183816268361
55.59,0.0770386135491201,0.349931445408098
55.6,0.0583036520303322,0.264822755411299
55.61,0.0432855413167468,0.211168671294098
55.62,0.0316390322063368,0.299060363863968
55.63,0.0230028373787165,0.199546344408511
55.64,0.017004186997543,0.236378986792216
55.65,0.0132567646759863,0.26285948753288
55.66,0.0113559886721454,0.228762830153466
55.67,0.0108769259915348,0.155525682085701
55.68,0.011379797984575,0.144272391198517
55.69,0.0124259561908384,0.255519582793151
55.7,0.0136038736309759,0.2810149981629
55.71,0.0145610832702993,0.253946352990711
55.72,0.0150352554747937,0.268687332672717
55.73,0.0148766940264007,0.13727583183159
55.74,0.0140558688430625,0.201053878168123
55.75,0.0126529193902792,0.2799151241403
55.76,0.0108304486121725,0.328856590484515
55.77,0.00879511869603899,0.138102114809157
55.78,0.00675633550146502,0.075159800589448
55.79,0.00489087779744109,0.213125760975495
55.8,0.00332057758130256,0.22930282018191
55.81,0.00210667384742509,0.268917131125885
55.82,0.00126031935903788,0.310331257620965
55.83,0.000765121536391468,0.186740017595221
55.84,0.00060548764284537,0.081354232619731
55.85,0.000794322524875625,0.0590168624329891
55.86,0.00139507126968812,0.052327489847811
55.87,0.00253549616976127,0.181086487154255
55.88,0.00441301604216411,0.215334426989146
55.89,0.00729314278572351,0.132141263329456
55.9,0.0115031451126116,0.291242534733904
55.91,0.0174226528514634,0.234149724694657
55.92,0.0254719640646265,0.175443786224329
55.93,0.0360979443167774,0.257355853736921
55.94,0.0497570866056007,0.249606819173597
55.95,0.0668956705029514,0.20004005413972
55.96,0.0879277841698302,0.283943347010479
55.97,0.113212771603117,0.372744165761942
55.98,0.143033951737125,0.361203136347044
55.99,0.177579976672552,0.37667963262258
56,0.216929086437247,0.323867919056199
56.01,0.26103526688466,0.419363631625493
56.02,0.309714578827105,0.367321682552244
56.03,0.362630230278659,0.529738261532265
56.04,0.419276452407773,0.522016866130529
56.05,0.478963542077951,0.545766033778293
56.06,0.540808740471694,0.598344771601434
56.07,0.603738947988102,0.735765098546412
56.08,0.666510846302665,0.772674672237105
56.09,0.72775155265608,0.779631642656764
56.1,0.786018903914391,0.910188431035374
56.11,0.83987590517495,1.0934504942563
56.12,0.887970126966948,1.13987586359522
56.13,0.92910710223088,0.979290090813939
56.14,0.962307703797291,1.015188599033
56.15,0.986842913075261,1.09488679010382
56.16,1.00224437639546,1.07476702804832
56.17,1.00829425171684,1.24785499920511
56.18,1.00500161326589,1.13780527260937
56.19,0.992574091664481,1.12807319899945
56.2,0.971392238290552,1.1038018185403
56.21,0.941990896682346,1.00216898513703
56.22,0.905047823294807,1.05198274579027
56.23,0.861376287394064,0.828731857210551
56.24,0.81191647411502,0.885196781626536
56.25,0.757720669051569,0.934395856493731
56.26,0.699929141330578,0.623157997273866
56.27,0.639736519235129,0.620425577723739
56.28,0.578351202507325,0.549323952975793
56.29,0.516952093701029,0.632508526922039
56.3,0.456647252236991,0.508533803720288
56.31,0.398438144343112,0.428348850867619
56.32,0.343191577364944,0.448857946492795
56.33,0.291619901070652,0.189843568568998
56.34,0.244269175239209,0.358472984109129
56.35,0.201514879528475,0.199160312081206
56.36,0.163565088307394,0.226851793999522
56.37,0.130471308600979,0.240677746419817
56.38,0.102146883544536,0.0763041689511383
56.39,0.0783918140758191,0.238462237803363
56.4,0.0589213158898863,0.0650240270987283
56.41,0.0433940486968701,0.124354493967711
56.42,0.031435481895226,-0.0858804231571693
56.43,0.0226528094134239,-0.0379555199211638
56.44,0.0166401929764189,0.0151749431055859
56.45,0.012976287947628,0.0909398459431101
56.46,0.0112189357622855,0.0186053661268816
56.47,0.0109034609566141,-0.106714872813422
56.48,0.0115504197621319,0.0486637911557418
56.49,0.0126858447300665,0.0201705341761834
56.5,0.0138727522077954,0.0814361668235454
56.51,0.014748268287486,-0.0133083755520768
56.52,0.0150576917587166,0.169079653005786
56.53,0.0146762944440214,-0.0995208863438123
56.54,0.0136120162590802,0.0335764767871256
56.55,0.0119868508596375,0.108951864392302
56.56,0.0100002658836205,-0.0623153528362552
56.57,0.00788275913416457,0.0204201176562296
56.58,0.00585016033867786,-0.008259039237813
56.59,0.00406881913496075,-0.0730820293221927
56.6,0.00263860637450112,0.086398670761509
56.61,0.00159578584176067,-0.0730207196396543
56.62,0.00093283304505847,-0.119422309009486
56.63,0.00062865106361721,-0.211538860663229
56.64,0.00068125987877441,0.0111370758633599
56.65,0.00113599434784342,-0.164297613307587
56.66,0.00210484917085091,-0.0210589441601328
56.67,0.00377572574703151,-0.0346510716069035
56.68,0.00641284759468321,-0.265176263880729
56.69,0.0103508202540944,-0.0586696253219023
56.7,0.0159846466216207,-0.0599865055105476
56.71,0.0237569625074836,7.74962360213377e-05
56.72,0.0341426037189087,-0.12757984717046
56.73,0.0476300356774063,0.056410291169672
56.74,0.0646994555443895,0.052648982958655
56.75,0.0857983042643728,0.175329605620042
56.76,0.111315927486789,0.126571179660855
56.77,0.141559565007063,-0.0305660720622984
56.78,0.176733365462818,0.074467293326108
56.79,0.216920835729164,0.0620026619730277
56.8,0.262069629477509,0.030560064515066
56.81,0.311976668601661,0.0461460747759069
56.82,0.366271938835069,0.244644136525778
56.83,0.424401079184493,0.206499312072126
56.84,0.485609614947294,0.385792865421521
56.85,0.548934347202206,0.484240139783944
56.86,0.613208806486575,0.57980896298355
56.87,0.67708889612394,0.521396916099025
56.88,0.739101681397548,0.68952580585335
56.89,0.79771538140563,0.747439554032311
56.9,0.851423360461646,0.737638922988982
56.91,0.898830939722256,0.708701558089503
56.92,0.93873250703202,0.865512731404993
56.93,0.970168255981057,0.668807259278798
56.94,0.992454479370775,0.944626679441184
56.95,1.0051873332499,0.947218186385071
56.96,1.00822558480799,0.838756099161616
56.97,1.00166142711106,0.859015097784722
56.98,0.985789054564614,0.680425160902839
56.99,0.961078407637123,0.738279730557494
57,0.928157307931374,0.720989604308257
57.01,0.887800656037129,0.863940182202723
57.02,0.840921984117103,0.545314501488231
57.03,0.788561437834443,0.532626455256733
57.04,0.731865368849337,0.572534067025862
57.05,0.672055496878334,0.509254997709004
57.06,0.610388895768595,0.407867506840602
57.07,0.548112686146957,0.364274147089146
57.08,0.486418497849605,0.358817852980463
57.09,0.426401362605743,0.209064247189885
57.1,0.369026183913111,0.261344895832595
57.11,0.31510311333926,0.181121652919689
57.12,0.265271798425513,0.206317607407636
57.13,0.219993942280334,-0.00178001818994783
57.14,0.179553811475643,-0.106504908039008
57.15,0.144066736864387,-0.0421716548698724
57.16,0.113495659909602,-0.0193542295912155
57.17,0.0876750084451757,-0.00990495989575421
57.18,0.0663397246323951,0.011939145032728
57.19,0.0491556674001573,-0.319171727159988
57.2,0.035746672178048,-0.209692553725568
57.21,0.0257139570402,-0.0849064746272026
57.22,0.018645536983151,-0.276974089387261
57.23,0.0141164248174968,-0.233837051347405
57.24,0.0116836767180626,-0.306872464673654
57.25,0.0108825734421474,-0.27683842324882
57.26,0.0112304373917895,-0.270321695781159
57.27,0.0122424371982894,-0.279922880339311
57.28,0.0134597284679615,-0.168818648705327
57.29,0.0144856478031433,-0.383343604163608
57.3,0.0150219708016517,-0.215508072865407
57.31,0.0148958043921354,-0.0999647998242125
57.32,0.014069149679231,-0.327189848344783
57.33,0.012627229286467,-0.183630379797519
57.34,0.0107471348166444,-0.317372879547247
57.35,0.0086535435866828,-0.250724926855499
57.36,0.00657158575478579,-0.217583913022495
57.37,0.00468743105025829,-0.155632068508425
57.38,0.00312475149646036,-0.217257196750591
57.39,0.0019407590953758,-0.29517679441792
57.4,0.00114046039206367,-0.179750924140861
57.41,0.000703635460151063,-0.369663671126556
57.42,0.000616928267559461,-0.18334228895241
57.43,0.000903663537191159,-0.321133856095386
57.44,0.00164612452168051,-0.335334134233538
57.45,0.00299803232134712,-0.233509393232645
57.46,0.00518772717671146,-0.403870915301145
57.47,0.008514224606327,-0.293656818777626
57.48,0.0133386225784416,-0.299322929895643
57.49,0.0200725710976981,-0.317338700794949
57.5,0.0291643584421279,-0.203782235753563
57.51,0.0410823322237794,-0.198672963550042
57.52,0.0562952909384527,-0.14973384101772
57.53,0.075250135951979,-0.0360155069502515
57.54,0.0983480438295761,-0.163633066525633
57.55,0.125921107877723,0.03543213343357
57.56,0.158211339434811,-0.237270341512026
57.57,0.195353023040048,-0.191353502696754
57.58,0.237358043255726,-0.0925100851087656
57.59,0.284102615925041,0.0128157563813383
57.6,0.335313555145613,0.0781292440939602
57.61,0.390553174524191,0.271798610324049
57.62,0.449204013884934,0.163022297034779
57.63,0.510457114703791,0.344017779249771
57.64,0.57330952658042,0.337457812126198
57.65,0.636577146556874,0.457095774239657
57.66,0.698927343427788,0.540476728587486
57.67,0.758932263097414,0.363660267407715
57.68,0.815139116201244,0.617565305822334
57.69,0.866149439157695,0.582006549660573
57.7,0.910696643090386,0.626265010286752
57.71,0.947711033174949,0.615186138171519
57.72,0.976364041434929,0.701768327861645
57.73,0.996087980670056,0.643480560872973
57.74,1.00657288531402,0.695700585943143
57.75,1.00774644850269,0.764167939257489
57.76,0.999745477213885,0.736207135001865
57.77,0.982887127852926,0.800013714977727
57.78,0.957645734560553,0.535535979507453
57.79,0.924637273503693,0.750420623948711
57.8,0.884609723659138,0.681595965416878
57.81,0.838434978214492,0.495341229855357
57.82,0.787097224737568,0.510083041744441
57.83,0.73167385947956,0.468298147403613
57.84,0.673307425560968,0.434455232317534
57.85,0.613169812324645,0.291725880093795
57.86,0.552422088875895,0.222498544502815
57.87,0.492174276544654,0.403072679916164
57.88,0.433449008956172,0.127889034194593
57.89,0.37715176930451,0.080260603758789
57.9,0.324048872437908,0.0994654269425802
57.91,0.27475318098117,0.129196662149889
57.92,0.229717037591899,-0.0722416594152821
57.93,0.189232003055668,-0.0120320257756233
57.94,0.153435340626755,0.0266975770915063
57.95,0.122323299942876,-0.0855628825451714
57.96,0.0957707887719301,-0.139122851399441
57.97,0.0735559628244436,-0.116007354794133
57.98,0.0553869614277819,-0.15099000171224
57.99,0.0409270535087868,-0.253457330291758
58,0.0298144063653827,-0.156826580669568
58.01,0.0216738455393457,-0.25789076478815
58.02,0.0161201855291275,-0.0370365767656566
58.03,0.0127553740595389,-0.264283441706523
58.04,0.0111639308644149,-0.0636569735011885
58.05,0.0109121310850912,-0.156185191418184
58.06,0.0115555904063595,-0.140820355053121
58.07,0.0126574265553838,-0.183902307278624
58.08,0.0138156613296486,-0.293218437997652
58.09,0.0146950530864553,-0.181493056903781
58.1,0.0150562400089505,-0.19404869182646
58.11,0.0147747456415442,0.0158070057457743
58.12,0.0138442703211362,-0.141604926915754
58.13,0.0123622985338248,-0.180930583340163
58.14,0.0105003757155286,-0.165013426158243
58.15,0.00846520004679239,-0.00485876165104338
58.16,0.00645885005286591,-0.299395090632186
58.17,0.00464644274483447,-0.176448961934154
58.18,0.00313737488535865,-0.156834793852218
58.19,0.00198274541713028,-0.144669156812995
58.2,0.00118766441214331,-0.0553702042188111
58.21,0.000734013418814932,-0.221244300268633
58.22,0.000607601587148752,-0.324290452502259
58.23,0.000823795689903074,-0.200505395926217
58.24,0.00144727018730538,-0.2184111720925
58.25,0.0026038153322651,-0.304016707578926
58.26,0.00448433460668434,-0.13090665976259
58.27,0.00734261170171469,-0.130242700229444
58.28,0.0114888590954612,-0.209692870376088
58.29,0.0172806178824751,0.0463963213148791
58.3,0.0251117063195979,0.00246592583043603
58.31,0.0353991435463376,-0.151463044027564
58.32,0.0485676958388548,0.021504911272331
58.33,0.0650320062362368,-0.159938766492688
58.34,0.085176966645281,-0.0311784453792258
58.35,0.109337672157895,0.166389208876592
58.36,0.137780557854706,0.0900538120896088
58.37,0.17068694929802,0.0205484385878366
58.38,0.208139353097284,-0.0811400298544896
58.39,0.25010975091026,0.195185386621504
58.4,0.296448454767588,0.120148367617754
58.41,0.346872171195035,0.374567122262045
58.42,0.400950963190737,0.402426022412565
58.43,0.458095563418675,0.385734335685187
58.44,0.51754840308198,0.533066394885734
58.45,0.578383035962969,0.361401100486007
58.46,0.639516707260111,0.722510266639047
58.47,0.699739337884869,0.741491908461489
58.48,0.757759354368363,0.771715894940058
58.49,0.812263256545877,0.768454204994667
58.5,0.861982538864935,0.7194106687292
58.51,0.90575952795425,0.792639414622176
58.52,0.942603524427158,0.839030457640216
58.53,0.97173046984667,1.01250556400464
58.54,0.992582746644115,0.774048307218157
58.55,1.00482975222391,0.917482835260263
58.56,1.00835348174651,0.99556171375771
58.57,1.00322557137509,0.812731622975679
58.58,0.98968258934669,0.89585345261671
58.59,0.968104878929172,1.04664070822975
58.6,0.939001542896782,0.908185582007064
58.61,0.90300111981605,0.951632873848827
58.62,0.860845066159628,0.817176111556881
58.63,0.813379987767845,0.852918204894061
58.64,0.761544872403002,0.775652253300776
58.65,0.706351098015157,0.764827053617936
58.66,0.648855117082732,0.627443540470267
58.67,0.590125719053014,0.489032541147842
58.68,0.531209058418568,0.405536446708267
58.69,0.473094928996176,0.520509810084873
58.7,0.416687159143839,0.372757082675262
58.71,0.362779879642531,0.29076283208888
58.72,0.312040267488596,0.363945570252392
58.73,0.264997595050106,0.296613666188415
58.74,0.22203817590903,0.133529397655609
58.75,0.18340597801357,0.0562863381607268
58.76,0.149208952249293,0.041620044902342
58.77,0.11943114082549,0.253120636001633
58.78,0.0939501619959655,0.148111581602122
58.79,0.0725587483210053,0.071818657449717
58.8,0.0549879447813628,0.121119854686917
58.81,0.0409288124579158,0.0612351774285171
58.82,0.0300494726601166,-0.0589392129681233
58.83,0.0220052884424242,0.126572968860598
58.84,0.0164417955154152,0.130291161056916
58.85,0.0129921951483277,-0.0527885096144953
58.86,0.0112731214935944,0.168923593806618
58.87,0.010883313909706,0.0478088524389691
58.88,0.0114093297064252,0.00244162321504833
58.89,0.0124405187827384,0.327392927792827
58.9,0.0135926115809594,0.0583753418758795
58.91,0.0145362608643871,-0.0589024744769881
58.92,0.0150246514106662,0.0878535909443347
58.93,0.0149135925906684,0.132231768887928
58.94,0.0141686505008963,0.175374583368076
58.95,0.0128566262211701,0.118474990940993
58.96,0.011122321245911,0.0805082625256967
58.97,0.00915504816854206,0.0446803493251916
58.98,0.00715176697483573,0.140536499935095
58.99,0.00528439830203871,0.038043967209181
59,0.00367764278354362,0.167286328883913
59.01,0.00240092297336829,0.0667190647250895
59.02,0.00147466889152495,-0.0684052133065199
59.03,0.000888041011699571,0.168296359398502
59.04,0.000623125729661921,0.0826910000649593
59.05,0.000680066272170133,0.109987617797028
59.06,0.0010984473468731,0.240731315238187
59.07,0.0019720618080523,0.101503964347891
59.08,0.00345625909451793,0.138890381205122
59.09,0.00576874399573917,0.13730983372991
59.1,0.00918554187892689,0.254636889248892
59.11,0.014033811271916,0.114854599761423
59.12,0.0206825360137012,0.08511536026954
59.13,0.029531323034824,0.101876935382432
59.14,0.040997009222926,0.00767175568438852
59.15,0.0554977886185889,0.0433406393365393
59.16,0.0734350733974043,0.317827479609565
59.17,0.0951740131523694,0.233982300450381
59.18,0.121024120222451,0.273020107267071
59.19,0.151221462406788,0.318358730859182
59.2,0.185913298133461,0.433750939265649
59.21,0.225145045905949,0.35718852428924
59.22,0.268848532523957,0.412196074134063
59.23,0.316830047790123,0.551136390591544
59.24,0.368757192273362,0.621002835349753
59.25,0.424144863218034,0.667256978270115
59.26,0.482342624768302,0.557060433872996
59.27,0.54252749897063,0.728415842189685
59.28,0.603707153530351,0.740406544878732
59.29,0.664737990370038,0.803549675841469
59.3,0.724360602262287,0.924623702637443
59.31,0.781251820854495,1.08469024292923
59.32,0.834088929800836,0.878843178765957
59.33,0.881618580754994,0.999091369583071
59.34,0.922721448486381,1.10753689752723
59.35,0.956464214239579,1.11499914538239
59.36,0.982133007316449,1.24160604087869
59.37,0.999246309940577,1.17691991772459
59.38,1.00754948736635,1.16518367345999
59.39,1.00699641322343,1.31797167935271
59.4,0.997725258018353,1.27232196586112
59.41,0.980035065610711,1.10084391150537
59.42,0.954367545996683,1.01633442730226
59.43,0.921295357616584,1.14608295615408
59.44,0.881515069593417,1.28153255307811
59.45,0.835840914256276,1.00641246688474
59.46,0.785194904682132,0.886155698153826
59.47,0.730589908521904,0.858268233852851
59.48,0.673104352503352,0.782320132660827
59.49,0.61384960622834,0.803187922714518
59.5,0.553932980664186,0.850174500939663
59.51,0.494420159365028,0.739670472606206
59.52,0.436300653896438,0.740339044381022
59.53,0.380458833425176,0.697847255187938
59.54,0.327651755737742,0.571935951618213
59.55,0.278493958856734,0.533798356372295
59.56,0.233448878095998,0.383761711870884
59.57,0.192826621958794,0.47548071558224
59.58,0.156788164917185,0.394147862699071
59.59,0.125356157250409,0.295505925433641
59.6,0.098432165011097,0.304456112263072
59.61,0.0758191691321296,0.327055423738436
59.62,0.0572468512243898,0.486651375072731
59.63,0.0423961147690578,0.381753909934794
59.64,0.0309190199798531,0.195569821360319
59.65,0.0224512193236388,0.313786021964423
59.66,0.0166160230425279,0.186266261809432
59.67,0.0130218861235903,0.300256539518258
59.68,0.0112575401653728,0.153108084320186
59.69,0.0108902918913115,0.139271192785107
59.7,0.0114725528065347,0.269488037256654
59.71,0.0125593762100728,0.330222121790534
59.72,0.0137362169247496,0.184533779675517
59.73,0.0146523520194836,0.336068249506706
59.74,0.0150526357236374,0.360912942209034
59.75,0.014799498879133,0.314188644167711
59.76,0.0138787429519063,0.350622880870489
59.77,0.0123863652530505,0.269174833753277
59.78,0.0104983601499049,0.398433579885764
59.79,0.0084297917061244,0.332693923874349
59.8,0.00639213646586758,0.272099104315894
59.81,0.0045581680111018,0.206853014510758
59.82,0.00304147033832453,0.266960748387879
59.83,0.00189374806950449,0.350008248806154
59.84,0.00111866523786921,0.303947298853819
59.85,0.00069728850396058,0.196085528820756
59.86,0.000618289112994083,0.185021394129579
59.87,0.00090619466817988,0.29380392809229
59.88,0.00164281738528282,0.173009856094895
59.89,0.00297966434716554,0.362631021122269
59.9,0.00514165371248737,0.251218028473829
59.91,0.00842403913675771,0.273375173291914
59.92,0.0131847833791814,0.0878989776314607
59.93,0.0198339525222795,0.373490424761437
59.94,0.028820624672766,0.248136776824928
59.95,0.0406169935610463,0.355072405177829
59.96,0.0556992384283968,0.139524858201719
59.97,0.0745253525283185,0.365261633584563
59.98,0.0975110962779119,0.373428539837301
59.99,0.125005985641712,0.243989948958721
